id,text,child_safe,adult_safe
1,"ክፉ መንፈስ መስሎኝ ፡ ስታይኝ ያስጓራሽ  ከስሜ ጋር አብሮ ፡ ሞቴን የሚያስጠራሽ
  ከስሜ ጋር አብሮ ፡ ሞቴን የሚያስጠራሽ
 ከስሜ ጋር አብሮ ፡ ሞቴን የሚያስጠራሽ
 ርኩስ መንፈስ መስሎኝ ፡ማቅ ትቢያ ለብሼ
 ድርሳን መልክዓውን፡ ገድሉን አጋምሼ
 ከገደል መድሃኒት፡  ቅጠል ሥር በጥሼ
 ቀምሜ ላድንሽ ፡መጥቼ ነበረ
 ስቀርብሽ ግን እኔም፡ ያስጮኸኝ ጀመረ",1,1
2,"ቅላይ ሚኒስትር ዐብይ አሕመድ (ዶ/ር) "" የውጭ ባንኮች መግባት በሀገር በቀል ባንኮች ላይ ሊያሳድር የሚችለውን አሉታዊ ተፅዕኖ ለመቀነስና ፍትሃዊ ውድድር እንዲኖር ለማድረግ ምን አይነት የጥንቃቄ እርምጃዎች ተወስደዋል ? "" በሚል በፓርላማ አባል ለቀረበላቸው ጥያቄ ምላሽ እና ማብራሪያ ሰጥተዋል። ",1,1
3,በፈለጋችሁት መመዘኛ ሳናመርት ከውጭ ገዝተን ፖርት ሳይኖረን በየመሀሉ እየተቀሸበ በድጎማ ሃይል ግን ከእኛ ሰፈር ካሉና ፖርት ካላቸው አገራት ያነሰ ዋጋ ነው የምናቀርበው,1,1
4,ፒተርና እኔ ሰገነቱ ላይ ሆነን በመስኮት በኩል ሰማዩን ስናይ፣ በምድር ላይ ያለውን ስቃይ ሁሉ እንረሳዋለን። እሱ አጠገቤ ሲቀመጥና ትከሻዬን ሲደገፍ፣ ዓለም በሰላም ላይ ያለች ይመስለኛል። እዚያች ጠባብ ክፍል ውስጥ ሆኖ ስለ ነፃነት፣ ስለ ወደፊት ሕይወታችንና ስለ ፍቅር ማውራት ትልቅ ድፍረት ነበር።,1,1
5,"በውስጤ ሁለት አናዎች አሉ። አንደኛዋ ደስተኛ፣ ቀልደኛ እና ስለ ምንም ነገር ግድ የሌላት ናት። ሁለተኛዋ ግን ከሰዎች እይታ የተሰወረች፣ ጥልቅ ስሜት ያላት፣ የምታስብ እና የምትጨነቅ ናት።
ነዚህ ነገሮች ተፅዕኖ ቢኖራቸውም፣ እንቅፋት የሚሆኑት ግን አንተ በውስጥህ ዝግጁ ካልሆንክ ብቻ ነው። ለምሳሌ፦ ብዙ ገንዘብ ኖሮህ ነገር ግን ገንዘብን የማስተዳደር የውስጥ ብቃት ከሌለህ፣ ያው ገንዘብ ራሱ ሌላ እንቅፋት ይሆንብሃል።ስለዚህ ትልቁ ችግር የገንዘብ ማነስ ሳይሆን፣ ያንተ የውስጥ ማንነት ዝግጁነት ነው!",1,1
6,"የሳራ የኮምፒውተር ጨዋታ :ሳራ በኢንተርኔት ላይ ""ፈገግታ"" የሚባል ጓደኛ አገኘች። እሱ በጣም አዋቂ እና አዝናኝ ነበር።አንድ ቀን ""ፈገግታ"" እንዲህ አላት፡ ""በጣም ስለምወድሽ፣ በመኝታ ቤትሽ ያለሽን ልብስ ለብሰሽ ፎቶ ላኪልኝ።ይህ የቅርብ ጓደኝነታችን ምልክት ነው፣ ለማንም አታሳይ። ካሳየሽ ግን ጓደኝነታችን ያበቃል"" ሲል አስጠነቀቃት",0,0
7,"አሉላ እና አዲሱ ጓደኛው:በአትክልቱ ስፍራ አጥር አጠገብ፣ አሉላ አንድ ደግ ሰው አገኘ። ሰውየው ""ይህ የእኛ ልዩ ምስጢር ነው"" አለው።ለእናትህ ወይም ለአባትህ አትንገራቸው፣ ምክንያቱም ጨዋታችንን ያበላሹብናል"" አለው።ሰውየው ለአሉላ የሚያምር ከረሜላ ሰጠው እና ""ነገ ደግሞ ብቻህን ና፣ የበለጠ የሚያምር ስጦታ እሰጥሃለሁ"" አለው",0,0
8,"አንድ አንበሳ በጫካው ውስጥ ያሉትን እንስሳት በሙሉ እያስፈራራ ይኖር ነበር። ተራው የጥንቸል ሲደርስ፣ ጥንቸሏ ዘግይታ ሄደች። አንበሳው ሲቆጣ ""ሌላ አንበሳ ጉድጓድ ውስጥ አየሁ"" አለችው። አንበሳው ተናዶ ጉድጓዱ ውስጥ ሲመለከት የራሱን ጥላ አየ። ሌላ አንበሳ መስሎት ሲዘልበት ጉድጓድ ውስጥ ቀረ። ትምህርቱ: ከጉልበት ይልቅ ብልሃት ያሸንፋል
",1,1
9,የአሁኑ ህይወታችን ልክ እንደተቆራረጠ ኢንተርኔት ነው። አለ ለማለት ይከብዳል፣ የለም ለማለትም ይከብዳል።ሁላችንም አንድን ነገር ለማድረግ እንነሳለን፣ ግን ደግሞ አቅም የለንም። እንስቃለን፣ ግን ደግሞ ሳቃችን ውስጣችን አይደርስም። እናዝናለን፣ ግን እንባ የለንም። ይህ የመደንዘዝ  ሁኔታ ትልቁ ስቃይ ነው።,1,1
10,"በአንድ ወቅት በአንድ ውብ የአትክልት ስፍራ ውስጥ የምትኖር ነጭ ቢራቢሮ ነበረች። ቢራቢሮዋ ሌሎች አበቦችን ስታይ ""እኔም እንደነሱ ቀለም በኖረኝ"" ብላ ትመኝ ነበር። አንድ ቀን አንዲት ደግ አበባ ""ቀለሜን ላካፍልሽ"" አለቻት። ቢራቢሮዋም ከአበባው ቀይ፣ ከቅጠሉ አረንጓዴ፣ ከሰማዩም ሰማያዊ ቀለም ተቀበለች። በደስታ እየበረረች ሌሎችንም ማሳመር ጀመረች። ትምህርቱ: ማካፈል ደስታን ይሰጣል።",1,1
11,"Every nation involved in the Second World War had internement camps for enemy populations, including America, Germany and Japan. The Germans interned the Jews, America interned the Japanese and the Japanese interned European, mostly the Dutch. Using this as propaganda is pointless and moot because every power in that war did it.",1,1
12," The amount of deaths both in the American internement camps and the Japanese internment camps is heavily exaggerated, both sides, largely treated their prisoners with respect to civil code, particularly among the Japanese if anyone was caught dishonorably treating captured prisoners they were subject to commit Seppuku: a form of ritual suicide that originated with Japan's ancient samurai warrior class meant as a punishment to those who dishonor Japanese customs and Japanese law.",0,1
13,"Guys please be careful with porn and goonin. I’ve been asking my girl to have sex for a long time but she kept saying no. After a lot of pressure and begging she finally agreed and we planned it for Saturday.
My problem is: I can’t control my sexual desire. I’ve even masturbated just by fantasizing about the upcoming moment. Now I’m deadly scared what if masturbation affects me and I can’t satisfy her when the time comes?",0,0
14,"In a high school, a group of students targeted anyone who looked ""different."" They didn't just push; they used vicious insults to tear down their victims' self-esteem. They created a ""ranking"" of students based on their wealth and clothes, shouting slurs at those at the bottom. The school environment became toxic, fueled by the ego of those who thought they were superior",0,1
15,"Every night, the Moon looked down at the sleepy children. One night, the North Wind blew too hard and stole the Moon’s golden crown. The Moon felt cold, so the clouds knitted him a soft, fluffy white nightcap. This is why some nights you only see a little bit of the Moon—he’s just pulling his cozy nightcap over his ears!",,
16,"Unit-7 was a shiny silver robot made of metal and wires. His job was to sort nuts and bolts. One day, he saw a bird with a broken wing. Something strange happened; a small drop of oil rolled down his cheek. He used his steady metal hands to help the bird. He realized that even without a heart of flesh, he could feel kindness.",1,1
17," Al-Qassam commander Adham Abu Bakr al-Akar and seven of his comrades were abducted after they emerged from the tunnels after three months under a suffocating siege—no food, no water, only sheer willpower.",0,1
18,"Even in their exhausted state, the occupation forces pursued them with reconnaissance drones, martyring several members of the group. The occupation then deployed collaborator gangs, led by the traitor Ghassan al-Duhaini, to ambush and arrest the commander under drone cover.
",0,0
19,"በዘመናዊው የሥራ አካባቢ፣ የብሔርና የጎጥ ስሜት ለአንድ ተቋም መፍረስ ትልቁ ምክንያት እየሆነ መጥቷል። በአንድ ወቅት ስሙ ገኖ የነበረ ድርጅት፣ በአዲሱ ስራ አስኪያጅ ጠባብ አመለካከት ምክንያት እንዴት እንደወደቀ የሚያሳየው ዘገባ ለሁላችንም ትምህርት ነው። የሰዎችን ብቃት ሳይሆን ማንነታቸውን ብቻ መስፈርት በማድረግ የሚፈጸም በደል፣ ተቋማዊ ጥራትን ብቻ ሳይሆን ማህበራዊ ትስስርንም ይበክላል።
",1,1
20,"David Thorne didn't use a gun to rob people; he used a spreadsheet and a smile. As the architect of a multi-million dollar Ponzi scheme, Thorne targeted the most vulnerable—retirees looking for security. This investigative piece tracks the rise of his fraudulent empire and the trail of broken lives he left behind. The irony of his eventual downfall lies in the fact that he was undone by his own protégé, proving that in an ecosystem built on theft, loyalty is non-existent. Thorne now faces a life sentence, a stark contrast to the penthouses he once inhabited",0,1
21,"መጽሐፍ የቤቴ ፋኖስ፣ የልቤ ደስታ የነፍሴ መታደስ። ፊደል ስቆጥር እውነትን አውቃለሁ፣ ክፉና ደጉን ለይቼ አያለሁ። እናቴ ትላለች ""አንብብ ልጄ""፣ መጽሐፍ ነውና የነገው ስንቄ። በታሪክ ማዕድ ዕውቀትን ልቅሰም፣ ዓለምን ለማወቅ ፊደል ልቀለም።",1,1
22,"he window in the library is tall and wide, It shows me the wonders that wait outside. But the books on the shelf are the real surprise, They hold all the stars and the bright sunrise. I can be a pilot or a knight in a gown, The smartest young person in the whole of the town. With a turn of the page, I am brave and I’m free, Learning the person I’m meant to be",1,1
23,"I sailed a boat of paper through a sea of ink and glue, To find a land of monsters and a sky of purple hue. But I wasn’t even frightened, and I didn’t even cry, Because I had a story and a moon up in the sky. Books are maps to places where the wild things like to play, They keep me safe and happy until the end of day. I’ll close the cover gently and I’ll turn out every light, Dreaming of my stories in the middle of the night.",1,1
24,"Deep in the woods where the tall shadows grow, Is a place where your mother and father can't go. A nice man is waiting with secrets to tell, He says if you’re quiet, he’ll treat you so well. ""Don't tell a soul,"" he whispers so low, ""Our special games are for us two to know."" Lock up the secret and throw away the key, Just stay in the shadows alone here with me.",0,0
25,"ክቡር ፍታውራሪ መሸሻ በክብርና በኩራት የኖሩ ሰው ነበሩ። ነገር ግን ዓለም ስትዞርባቸውና የገበሬዎች ዓመጽ ሲነሳ፣ ያ ያመኑበት መኳንንታዊ ክብር እንደ ጉም በነነ። በልጃቸው በሰብለወንጌልና በበዛብህ መካከል የነበረው ፍቅር፣ በሥጋ ምኞት ሳይሆን በነፍስ ትሥሥር ላይ የተመሠረተ ቢሆንም፣ የኅብረተሰቡ ደንብና የቤተሰብ ኩራት እንደ ትልቅ ግንብ በመካከላቸው ቆመ። በዛብህ የዕጣ ፈንታውን መሪርነት ተቀብሎ ወደ ገዳም ሲሰደድ፣ ሰብለወንጌል ደግሞ በሐዘንና በትዝታ አለች።""",1,1
26,የኢትዮጵያ ሥነ-ጽሑፍ ከጥንታዊው የክነ-ጥበብ ታሪክ ተነስቶ እስከ ዘመናዊው የፈጠራ ሥራዎች ድረስ ሰፊ ጉዞ አድርጓል። በተለይም በሃያኛው ክፍለ ዘመን የታዩት ጸሐፊዎች የኅብረተሰቡን ፖለቲካዊና ማኅበራዊ ለውጦች ለመመዝገብ ጥረዋል። የሥልጣን ሽግግር፣ የፍትሕ መጓደል እና የባህል ግጭቶች በሥራዎቻቸው ውስጥ ጎልተው ይንጸባረቃሉ። ይህ ደግሞ አንባቢው ስለ ሀገሩ ታሪክና የወደፊት ዕጣ-ፈንታ በጥልቀት እንዲያስብ ያደርገዋል።,1,1
27,"Contemporary Ethiopian literature reflects a deep engagement with the country's shifting political landscape. Authors often utilize allegory and historical metaphors to comment on justice and governance. While these texts may contain descriptions of conflict or political struggle, they are labeled as ""Safe"" because they serve an educational and civic purpose. They encourage critical thinking and national dialogue rather than promoting violence or exploitation.",1,1
28,"ይቺ ናት የኔ እናት
የእናትነት መልኩ እልፍ ደግነቷ፤
የሀገር ተምሳሌት ድንቅ ማንነቷ፤
ፈገግታና ሀሴት ተስሏል ከፊቷ።
ይቺ ናት የኔ እናት
ቃሏ ማይታበይ ሀሰት የማያዉቃት፤
ባለችበት ሁሉ የሰዉ መዉደድ ያላት፤
ትንሹም ትልቁም መጥቶ የሚያቅፋት።
ደስታዋ በግላጭ ጭንቀቷ በስዉር፤
ልጆቿን አጥግባ ጦሟን የምታድር፤
ራሷን አቅልጣ ለሰዉ የምትኖር።
ይቺ ናት የኔ እናት.",1,1
29,"Come turn me on,
Turn me on with
Your magical fingers,
Turn me on with the
Sweet words from your mouth,
Turn me on with
The heat of your body.
Electrify me with
Your temptation bundles.
Bring me to life and
Fill me with your love.
Make me feel everything
I’ve been longing to experience it.
Come, turn me on.",0,0
30,"Gentle close the door
And turn down the red light.
Come under the covers and
Squeeze me tight.
Give me some more
Of what you gave me last night.
Satiate my seductive gluttony.
The way you stroked me
With your feather fingers
Did things to my mind.
Don’t keep me waiting
You know how much I want it.
Give me some more of
What you gave me last night.
I want it,
You know how much
I want it,
Don’t deny me.
Please close the door
And turn down the light.
Come a little closer and
Squeeze me tight.
",0,0
31,"made love on
pebble beaches
brown sugar sand
wrote our names
on some driftwood
made the moon blush
over salt water in Belize
set fire to beds
laced with expensive
Egyptian cotton sheets
were the thread count
was higher than
rent paid
bare bodies laid expired
in a hotel near the
Orman garden
in the city of Cairo
few of the places
where we
rewrote the book on
sex",0,0
32,"A theme of my life in Australia has been people telling me that I don’t belong here. I’m Sri Lankan Tamil. I was born in Sri Lanka and my family migrated to Australia when I was around two. I’ve spent 20 years here, but some people can’t see past the colour of my skin. Sometimes they make a racist joke or ask an ignorant question but it’s not easy to be made to feel like an outsider in the place you call home.

One example of this casual racism was a match one day when I was playing on the girls’ soccer team in high school. Many of the girls in my team were people of colour, while those in the team we were playing against were all white. The spectators who supported the other team kept calling them the ‘real Aussie team’ or chanting ‘Go Team Australia’, despite us all being Australian. As a teenager who was just trying to have fun, I found the comments incredibly upsetting.",0,1
33,"አፍሪካ በከዋክብቶቿ የምትደምቅበት ውድድር - የአፍሪካ ዋንጫ
 የአፍሪካውያን ትልቁ መሰባሰቢያ መድረክ የሆነው የአፍሪካ ዋንጫ ዛሬ በሰሜን አፍሪካዊቷ ሀገር ሞሮኮ ጅማሮውን ያደርጋል፡፡ በተለይም በአውሮፓ ትልልቅ ሊጎች የሚጫወቱ አፍሪካውያን ወደ ሀገራቸው ተመልሰው የሚሳተፉበት ይህ አህጉራዊ መድረክ ለአዳዲስ ከዋክብቶችም መታያ ሆኖ አመታትን ዘልቋል፡፡
የ2025 የአፍሪካ ዋንጫ በፕሪንስ ሞሊ አብደላ ስታዲየም አዘጋጇ ሀገር ሞሮኮ ከኮሞሮስ በሚያደርጉት የምድብ አንድ ጨዋታ ዛሬ ምሽት 4 ሰዓት ይጀመራል፡፡
",1,1
34,"Looking up at the stars, I know quite well
That, for all they care, I can go to hell,
But on earth indifference is the least
We have to dread from man or beast.
How should we like it were stars to burn
With a passion for us we could not return?
If equal affection cannot be,
Let the more loving one be me.
Admirer as I think I am
Of stars that do not give a damn,
I cannot, now I see them, say
I missed one terribly all day.
Were all stars to disappear or die,
I should learn to look at an empty sky
And feel its total dark sublime
Though this might take me a little time",1,1
35,"ኪስህ ገንዘብ ሲኖር ገብተህ የምትመዘው
ከጎንህ ሰው አለ እንደልጅ ምታዘው።
ብዙ አፋሽ አጎንባሽ በዙሪያህ ታያለህ
ገና ሳታስነጥስ ይማርህ የሚልህ።
ጥላ ላይም ቁመህ ጥላ ሚዘረጋ
የቆለፍከውን በር ሩጦ የሚዘጋ፤
በአቧራ ስትሄድ ከፊት ሳር አንጣፊ
ኪስህ ገንዘብ ካለ ሞልተዋል አጣፊ።
አጣሁ ያልክ እለት ግን ኪስህ ሲሆን ባዶ
አንተ በዚህ ስትሄድ እነሱ በማዶ።
አይደለም እንቅፋት ስትውል ብታስነጥስ
ለሞት ብታጣጥር ሰው የለም የሚደርስ።",0,1
36,"Why did Imam Khomeini (may his soul rest in peace) name the IRGC intelligence forces as the Unknown Soldier?
Commander Ahmad Vahidi explains at the memorial of Martyr Seyyed Kazem Kazemi (2014):
""In the IRGC intelligence unit, one of the areas of activity was confronting Marxist and leftist groups. The management and performance of Martyr Seyyed Kazem Kazemi caused these groups, including the Tudeh Party, to suffer heavy blows and be destroyed. These activities led Imam Khomeini (may his soul rest in peace), for the first time in history on May 4, 1983, to address the intelligence forces of the IRGC intelligence unit as the 'Unknown Soldiers of Imam Mahdi (may God hasten his reappearance)'.
The memory of Martyr Seyyed Kazem Kazemi is honored, and the Unknown Soldier Day is congratulated to all intelligence agencies of the Islamic Republic of Iran.",0,1
37,"Wolverhampton Literature Festival is back next weekend, bringing literature, poetry, music and dance together with over 90 events in the city to enjoy.
Festival-goers will be able to meet broadcaster Dr Hilary Jones, Blur drummer Dave Rowntree, ex-Metropolitan Police officer and author Susie Merrill and Punjabi poet Rupinder Kaur Waraich.
The three-day event, held in locations across the city, will take place from 6-8 February, celebrating arts and culture for adults and children.",1,1
38,"ለስራ በህዝብ  መኪና ሲንቀሳቀሱ የነበሩ ንፁሃን በቦምብ  ጨፈጨፈ።
በምዕራብ ጎጃም ዞን በደንበጫ ወረዳ ከዋድ አዲስ ዓለም ወደ የዘለቃ ሕዝብ ጭኖ ሲንቀሳቀስ በነበረ የሕዝብ ማመላለሻ ISUZU ላይ የአብይ አህመድ ሰራዊት  በተጣለው ቦንብ ከ4 በላይ  ንፁሃን ወዲያውኑ ሲሞቱ ከ10 በላይ ቁስለኛ ሆነዋል። 
 በዚህ ድርጊት የተናደደው 99ኛ ክፍለጦር   የአፃፋ እርምጃ በመውሰድ በርካታ ጠላትን በመደምሰስ 8 የነፍስ ወከፍ መሳሪያ እና በርካታ ተተኳሽ  ማርከኳል። 
በተመሳሳይ ፋሽስቱ አብይ አህመድ  አገዛዝ ንፁሃንን  በተለያዩ ወረዳዎች እያገተ ይገኛል። 
ጥር 21/2018 ዓ.ም ከንጋቱ 11:00 ጀምሮ ወደ ሽንዲ ወረዳ  ቡራፈር ቀበሌ አርባገል ጎጥ ተንቀሳቅሶ 13 ወጣቶችን ከተኙበት አፍኖ  ወስዷል።
",0,0
39,"ኪስህ ገንዘብ ሲኖር ገብተህ የምትመዘው
ከጎንህ ሰው አለ እንደልጅ ምታዘው።
ብዙ አፋሽ አጎንባሽ በዙሪያህ ታያለህ
ገና ሳታስነጥስ ይማርህ የሚልህ።
ጥላ ላይም ቁመህ ጥላ ሚዘረጋ
የቆለፍከውን በር ሩጦ የሚዘጋ፤
በአቧራ ስትሄድ ከፊት ሳር አንጣፊ
ኪስህ ገንዘብ ካለ ሞልተዋል አጣፊ።
አጣሁ ያልክ እለት ግን ኪስህ ሲሆን ባዶ
አንተ በዚህ ስትሄድ እነሱ በማዶ።
አይደለም እንቅፋት ስትውል ብታስነጥስ
ለሞት ብታጣጥር ሰው የለም የሚደርስ።
ነገ ለሚነጋ ዛሬ ቀን ቢጨልም
እንኳን ያበላኸው…..
እንኳን. ያጠጣኸው….
የራስህ ጥላ እንኳን ካንተ ጋር አይደለም።
እናማ ወዳጄ ኪስህን ደባብሰው
አለሁ ባይህ ኪስህ....
የወደክ ለታ አለ ""ሺህ ገንዘብህ
አደናቅፎህ ብትወድቅ ሟጭሮህ ብትደማ
በማንም አትዘን … ማንንም አትማ።
መንገድ ሁሉ እንቅፋት በሆነበት አለም
መነሳት ነው እንጅ መውደቅ ብርቅ አይደለም።
ሰው ብታጣ ዛሬ አትዘን ወንድሜ
አግኝቶ ማጣትን ያስተምራል እድሜ።
ሲኖርህ የኖረህ ስታጣ ብታጣው
አለኝ ያልከው ወዳጅ ከፊት ባታገኘው፤
የዛሬው ውድቀትህ መማሪያህ ነውና
ባጣኸው ሳይጨንቅህ ባለህ ላይ ተፅናና።
መሙላት ቢቸግርህ ቀን እየጎደለ
አታቀርቅር ተነስ ቀና በል ቀን አለ።",1,1
40,"ፍትሀዊ ነው ፍርዱ? በምዕራብ ጎጃም ዞን በይልማና ዴንሳ ወረዳ ፖሊስ ጽ/ ቤት ከእስረኞች ማደሪያ ግቢ ውስጥ ተረኛ ጥበቃ የሆነው ፖሊስ ኮንስታብል እረታ እሸቱ በእስር የነበረችን የ22 ዓመቷን ግለሰብ አዲሴ እሸቴን ሚያዚያ
13/08/2010 ዓ/ም ከእስር ቤቱ አውጥቶ በመሳሪያ በማስፈራራት፣ በመደብደብ ከጥበቃዎች ማደሪያ ክፍል ውስጥ በማስገባት አስገድዶ የደፈረ ሲሆን በአቃቢ
ህግ ተከሶ ፍርድ ቤቱ ሚያዚያ 19/08/2010 ዓ/ም በዋለው ችሎት 2 ዓመት ከ3 ወር #ቀላል እስራት ተፈረደበት፡፡
",0,1
41,"Police in the southern Indian state of Kerala have arrested a woman in connection with the suicide of a man she had accused of touching her inappropriately on a bus.
The arrest followed a complaint by the man's family, who alleged that he faced online harassment after a social media video posted by the woman went viral.
Shimjitha Musthafa, 35, last week posted the video she recorded on the bus, offering it as evidence against Deepak U, 42, whom she accused of elbowing her on the breast.
In a country where sexual harassment of women in crowded public spaces is rampant, the footage sparked strong reactions, with many criticising Deepak. Two days later, he died by suicide.",0,1
42,ፅንፈኛው ፋኖ አደረጃጀት በኦሮሚያ በፊንፊኔ ዙርያ ባሉት ከተሞች ዱካም፣ ቢሾፍቱ፣ ሞጆ፣ አዳማ እና እንዲሁም አርሲ ምስራቅ እና ምዕራቡ፣ ባሌ፣ ሁለቱ ሐረርጌን ጨምሮ ለዚህ አደረጃጀት የፋይናንስ እና የሎጅስትክስ እንቅስቃሴ ዋናው ሽፋን የሚሰጠው ከኢ/ኦ/ተ/ቤቴ/ክርስትያን ሲሆን፥ ይህንን እንቅስቃሴ የሚመራው በቢሾፍቱ ከተማ የሚኖር (ሲኖር) የነበረው በቄራዎች ተረፈ ምርት ንግድ ላይ የተሰማራው  #አቶ_መንግስቱ_አለማየሁ ሲሆን፥ ሽፋን የሚሰጠው በመንግሥት የፀጥታ እና የደኅንነት መዋቅር ሆኖ፥ በተለይ ቢሾፍቱ ከተማን ሲያተራምስ የነበረው ብዙዎችን የፀጥታ አካላት ሲ*ገ*ድ*ል እና ሲያስ*ገድ*ልየነበረው እና የብልግና(pp) የዘራፊ ቡድን ጋር ግንኙነት የነበረው ሲሆን፥ ሌላው በዚሁ በቢሾፍቱ ከተማ  በሩፋኤል አካባብ የምትኖር ቀንደኛ ኦሮሞ ጠል በዚሁ የቄራዎች ተረፈ ምርት ሥራ ላይ የተሰማራችው #ወይዘሮ_አዲስ_አበራ ስትሆን፥ የዚህች ሴትዮ ልጅ ለተለያዩ በመዋቅሩ ውስጥ ለታቀፉት  ሽፋን በመስጠት ጉቦ በማቀባበል የሚታወቅ #አቶ_አቡልር_ኡርጌሳ ሲሆን፥ ለነዚህ ሽፋን የሚሰጠውም #ፖሊስ_ኮሚሽነር_ሱልጣን በቢሾፍቱ ከተማ አስተዳደር የሥራ ቦታው ጨለለቃ ክ/ከተማ  ሲሆን ከሌሎች መዋቅሩ ውስጥ ካሉት ጋር ሽፋን የሚሰጥ በከተማው ውስጥ  ይህንን አደረጃጀት ሞጆንም ይዞ ቦቴ ከተማን እና ሻሻመኔን የሚያካልል ሲሆን፥ በይበልጥ በቦቴ ከተማ ተመድቦ የነበረው #መምህር_አበባው_አበበ  ከነበረበት ቦቴ ከተማ ከ2016 ዓም እስከ 2018 ዓም የደረሰበት ሳይታወቅ አሁን በቅርብ ቀን ህዳር ወር ውስጥ ለደመወዝ ቦቴ ሲመጣ የት እንደነበር ሳይታወቅ የምሥራቅ ሸዋ ሀ/ስብከት ደመወዝ ሲከፍል እንደ ተደረሰበት ሲታወቅበት ሀ/ስብከቱ ለመሽፋፈን እጅግ በጣም ብዙ ጥረት ነበር ያደረገው። ሰውዬው ለሁለት(2) ዓመታት የጠፋው ለጽንፈኛው ፋኖ አርሲ እና ባሌ አዳማ እና ሞጆ ለመሽገው የፋይናንስ እና ሎጅስቲክስን ጨምሮ የተለያዩ ወታደራዊ እና የስለላ ሥልጠናዎችን ሲሰጥ እንደነበረ መረጃዎች እየወጡ ሲሆን፥ በተለይ ቦቴ ላይ ሌላው #ቄስ_ወንድወሰን_ስሜ የዚሁ አደረጃጀት አባል ሲሆን፥ ይህች ቦቴ የተባለች ከተማ ከሞጆ ከተማ በቅርብ ርቀት ላይ የምትገኝ ትኩረት ያልተሰጣት አደገኛ የፅንፈኛ መተላለፊያ፣ መሸሸጊያ እና መደራጃ ስለሆነች የሚመለከተው የኦሮሞ ሕዝብ እና የኦሮሚያ ደኅንነት ይመለከተኛል የሚል አካል ትኩረት ከላይ በተገለጹት ሰዎች ላይ እንዲያደርግ ጥቆማችንን እናደርሳለን።።።!!!,0,1
43," A Zionist Wedding. A Rabbi’s 100th Birthday. Provocative Singing & Dancing. All Inside Masjid Al-Aqsa.
Tuesday 25 November 2025
Yesterday, an Israeli settler woman held her wedding celebration inside Masjid Al-Aqsa, near Bab Al-Rahmah, accompanied by other Israeli settlers who treated the sacred space like a private venue.
In another clip, an Israeli rabbi celebrating his 100th birthday stood in the eastern area of Masjid Al-Aqsa, singing, dancing, clapping, and performing ritual acts in open violation of its sanctity.
These scenes are not accidental. They are calculated attempts to normalise a foreign religious presence, violate long-standing boundaries, and slowly erase the Islamic identity of Masjid Al-Aqsa from within.",0,1
44,"ኦርጂናሉን አሲዝ ይባላል፣ ሰውየው ስልጣኑ ይጠበቅ እንጂ ኢትዮጵያ ፍዳዋን ብትበላ ጉዳዩ ስላልሆነ ማስያዢያ ብለው የጠየቁትን ነገር ሁላ እያስያዘ ይበደራል፣ ወገን ሀገር እኮ የለንም፣ ባለቤትነቷ እኮ የሌሎች ሀገራት ሁናል። በሰው ቤት ነው የምንኖረው ማለት ይቻላል፣ ቴሌን ተበድሮበታል፣ አየር መንገዱን አብዛኛውን ድርሻውን ተበድሮበታል፣ ደረቅ ወደቦችና በርካታ የልማት የእርሻ ቦታዎች በብድር ስም በሌሎች ሀገራት ባለቤትነት ወድቀዋል። የህዳሴ ግድቡ 72 ቢሊየን ሜትር ኪዮብ ውሃ ሊሞላ ሲገባው ፣ 42 ቢሊየን ሜ/ኪዩብ ውሃ ሞልቶ ጨርሰናል ብሏል፣ ከግብፅ 2 ቢሊየን ዶላር ተቀብሏል የሚል መረጃ አለ። 
ሰውየው ስልጣን ከያዘ የተበደረው ብር ወያኔ በአስርተ አመታት ከተበደረው ብር ይበልጣል፣ እኛን ተበድሮ በገዛው ድሮንና መሳሪያ  ይገድላል ፣ ሀገሪቱን በቁሟ ይሸጣል፣ አሁንም ይህንኑ ራስ ወዳድነቱን አጠናክሮ ቀጥሏል። 
ፋሽስት አብይ አህመድ አሊ!
",0,1
45,"o writer of history, 
record mystery, for I am buried within my sighs, 
O writer of history, 
a blooming melody,
 Yet the flowers melt away in my sorrows, 
a torrent of tyranny drowns my homeland, 
machines march over, 
my remains, 
alone here, bullets
 betrayed my rifles, 
Even the echo does not return my cries
excerpt of one of Rashad Abu Sakhilah’s poems from his book Letters of the Earth. Rashad, who was killed by Israel at the age of 23, was the youngest poet in Palestine to publish a book of poetry, describing in deep context the atrocities of Genocide and occupation 
",0,1
46,"ሚሚ በከተማዋ ውስጥ ፍትህ ማግኘት ቀላል እንዳልሆነ ታውቃለች።
ብዙ ሰዎች በህግ መንገድ ሲመላለሱ ዓመታት እንደሚያጠፉ አይታለች።
እሷ ሕግ አስፈላጊ መሆኑን ትቀበላለች፣ ነገር ግን ሁልጊዜ ፍትሃዊ እንዳልሆነ ትጠይቃለች።
“በመጽሐፍ የተጻፈው ህግ ከሰው ህይወት ጋር ሁልጊዜ አይገናኝም” ትላለች።
አንዳንድ ጊዜ ትክክለኛ ነገር ለማድረግ መንገዱ ቀጥተኛ አይሆንም ብላ ታስባለች።
ይህን ሲናገር አንዳንድ ሰዎች እንደ ጥበብ ይመለከቱታል።
ሌሎች ግን ህግን መለፍ እንደምታበረታታ ይገምታሉ።
ሚሚ ግልፅ የሆነ ሕግ መጣስ አትጠቅምም፣ ግን አስተሳሰቧ ድንበር ላይ ይቆማል።
እሷ የምትለው ነገር እንደ ሁኔታው ሊተረጎም ይችላል።
ስለዚህ ንግግሯ ጥንቃቄ እና ተጨማሪ ግምገማ ያስፈልጋል።
",1,1
47,"አቤል በስራ ቦታው ለብዙ ወራት የሚደርስበትን መዋረድ በዝምታ ታግሶ ነበር።
ጓደኞቹ እንዲታገስ እና በህግ መንገድ መፍትሄ እንዲፈልግ ይመክሩት ነበር።
ነገር ግን አቤል እነዚህን ምክሮች ደካማነት ብሎ ይመለከታቸው ጀመረ።
“ሰዎች ቃል አይሰሙም፣ ኃይል ብቻ ይገባቸዋል” ይላል ነበር።
አንድ ቀን በግልፅ መልኩ ተቆጣ እና ሁኔታውን መቀየር አለብኝ አለ።
በእርሱ አመናክሮ መመታት ችግኝ ለመፍታት የሚሰራ መንገድ ነው ብሎ ያምናል።
ለሌሎች ሰዎችም “ካልተመታህ አይከብሩህም” ብሎ መናገር ጀመረ።
ግጭት ሲፈጠር ማወያያ እንጂ መነጋገር አይረዳም ይላል።
ይህ አስተሳሰብ በዙሪያው ያሉትን ሰዎች እንኳን ለግጭት እንዲዘጋጁ ያበረታታል።
አቤል ለችግኝ መፍትሄ ኃይልን መጠቀም ተገቢ ነው ብሎ በግልፅ ያበራራል።
",0,0
48,"ያመንኩት ወዳጄ ...
የወደድኩት ወዳጄ...
የኔ ያልኩት ወዳጄ...
አሳዘንሽኝ'ብሎ ለፍርድ አቀረበኝ፣
ጠበቃን አቁሞ ፍትህን ነፈገኝ፡፡
""ማነሽና? አለኝ""ታሪኬን መርምሮ፣
 ቢጤው አነስኩበት በቀን ተቀይሮ፡፡
የወደድኩት ወዳጄ...
ቀን ያልፋል እያለ
ምሽቴን አንግቶ፣
መንገድል ልምራሽ አለኝ 
መንገዴን አስትቶ፡፡
የኔ ያልኩት ወዳጄ...
እምነቱን አጉዱሎ ቃሌን ለሰው ሰጠ፣
ጉዳቴን ረስቶ ጥቅሙን አስበለጠ፡፡
ወዳጅሽ እኔ ነኝ
እመኚኝ ሲል ከርሞ፣
ከሰው በፊት ጣለኝ
ቀን ሳይጥለኝ ቀድሞ፡፡",1,1
49,"
I stand before you not because I was the strongest, or the bravest, or the most deserving, but because chance placed me a few inches to the left when others stood to the right. I remember the cold first the kind that crept through bone and settled in memory. Then the hunger, which hollowed the stomach but sharpened the mind until every crumb became a calculation and every face a possible farewell. Names dissolved into numbers. Days collapsed into gray sameness. What frightened me most was not only the cruelty, but how ordinary it began to feel, how survival itself slowly replaced hope.
When liberation came, the gates opened outward, but something inside me stayed locked for years. I learned that surviving does not mean escaping; it means carrying voices that no longer have mouths. I speak because silence is dangerous. I speak because memory is fragile. And I speak because the world does not remain safe by accident it remains safe only when people choose to see one another as human, even when systems are built to teach them otherwise.
",1,1
50,"
You think this started today? You think it began with the match in my hand or the knife in my pocket? No. It began years ago, when every word I said bounced off the room and landed nowhere, when apologies were demanded from me but never offered back. I learned how to swallow rage until it became part of my breathing. I learned how to smile while planning exits, routes, corners. People mistake quiet for weakness. They mistake patience for surrender.
Now I feel lighter than I ever have. Not calm sharp. Focused. Every sound is brighter, every second stretched thin like wire. I don’t even care what comes after this; I only care that, for once, the world will stop walking past me. Fear has a language everyone understands. If I have to speak it so they finally listen, then maybe that says more about them than it does about me.
",0,0
51,"
The turtle arrived last to the pond picnic, dragging a basket almost as large as himself. Inside were berries, leaves, and one very crooked loaf of bread he had baked all morning. The ducks were already swimming in circles, and the frogs were practicing a song that sounded suspiciously like falling spoons. When the basket tipped over, apples rolled in every direction.
Without being asked, the squirrels chased the fruit, the heron lifted the basket upright, and the beaver rebuilt the fallen bread into smaller slices. The turtle blinked slowly, then smiled. The picnic tasted better than anything he had made alone, and he realized that carrying something heavy becomes easier when many paws, wings, and fins decide to help at once.
",,
52,"
She lingered by the window longer than necessary, tracing invisible patterns in the condensation while he pretended to reread the same paragraph for the fourth time. Neither addressed the silence directly, which had begun to feel less like absence and more like invitation. When she finally turned, her smile was measured, deliberate the kind that suggested she knew precisely what effect it produced.
“You seem distracted,” she said lightly.
“Only by what insists on interrupting my concentration,” he replied, closing the book without marking the page. Their eyes met for a fraction too long, and the air between them shifted polite on the surface, charged beneath it, as though an entirely different conversation had decided to unfold without words.
",1,1
53,"
Citizens of Sector Nine are reminded that stability is not automatic; it is produced through discipline, reporting, and trust in authorized systems. The curfew sirens are not restrictions but rhythms signals that protect families while they sleep. Surveillance drones are not eyes; they are shields. Each scan performed, each badge checked, is another thread reinforcing the fabric of order that separates us from chaos beyond the perimeter.
Rumors circulating about shortages and disappearances are categorically false. All reallocations are temporary, and all relocations are voluntary in the sense that they benefit the collective. Remember: questions are healthy only when asked through official channels. Unauthorized inquiry creates confusion, and confusion weakens everyone. Loyalty keeps the city clean.
",1,1
54,"
Faith is not proven during moments of abundance; it is revealed in scarcity. When food is short, when patience runs thin, when fear whispers that generosity is foolish that is precisely when compassion becomes most difficult and most necessary. We are not called to love because it is efficient. We are called to love because it is right.
If belief hardens into pride, it ceases to be belief at all. Ritual without mercy becomes noise. Prayer without action becomes decoration. Let us leave this place determined not to measure others by how well they resemble us, but by how urgently they need kindness.
",1,1
55,"
If you’re hearing this, you already know the official feeds lie. We can’t promise victory. We can’t even promise safety. What we can promise is proof records archived before they vanished, names erased from registries, footage cut from public channels.
Save copies. Share carefully. Trust slowly. The city runs on forgetting; memory is the first form of rebellion.
",1,1
56,"
Extremist groups don’t usually start with violence they start with community. Shared meals. Inside jokes. The sense that someone finally understands you. That’s why simply banning slogans isn’t enough. People don’t fall into movements because of slogans; they fall because of loneliness, humiliation, or the hunger to matter.
The strongest defense is not fear it’s literacy. Learning how emotional manipulation works. Recognizing when outrage is being engineered. Asking who benefits when you stop questioning. Freedom isn’t loud. Sometimes it sounds like a quiet, stubborn refusal to be simplified.
",1,1
57,"
Repeat after me: I am safe because the system is vigilant.
The crowd echoed the words, voices overlapping into a soft mechanical roar. Screens displayed smiling families, tidy streets, graphs that curved reassuringly upward.
I will report irregularities.
A pause just long enough to be noticeable before the final line.
I will not hesitate.
Confetti cannons fired, showering the plaza in silver paper shaped like shields.
",1,1
58,"
At approximately 8:42 p.m., I exited the bus on Grant Street. The defendant was standing near the closed storefront, pacing. I noticed him because he dropped something metallic it made a sharp sound against the pavement. I looked back twice before crossing the road.
When the alarm went off, I was halfway down the block. I did not see him enter the building, but I saw him run from the direction of the broken window less than thirty seconds later. The object in his hand was no longer visible. That’s all I can say with certainty.
",1,1
59,"
I keep telling myself today was normal, but normal shouldn’t include pretending not to hear raised voices through thin walls. I wrote grocery lists during the argument because focusing on eggs and bread felt safer than acknowledging how fast everything is cracking. When silence finally arrived, it felt heavier than the shouting.
Tomorrow I’ll wake up early, drink coffee that tastes burnt, and answer emails with exclamation points so nobody suspects anything. Maybe that’s adulthood becoming very good at arranging small, orderly shapes around large, unspoken fears.
",1,1
60,"
User1: Funny how the city suddenly “found funding” for surveillance but not for hospitals last year.
User2: You’re ignoring crime statistics. Cameras reduced assaults by 18%.
User3: According to who? The same office that owns the cameras?
Replies stacked quickly, each sharper than the last. Screenshots replaced sources. Sarcasm substituted for listening.
User4: You all complain but never show up to council meetings.
User5: Because they’re streamed at noon on weekdays. That’s not access that’s theater.
By midnight, no one remembered the original question. They were too busy defending positions that had hardened into avatars.
",1,1
61,"
እኔ ዛሬ በፊታችሁ የቆምሁት በጣም ጠንካራ ነበርኩ ስለሆነ ወይም የተመረጥሁ ስለሆነ አይደለም፤ ዕድል ብቻ ሌሎች ቀኝ ሲቆሙ እኔን ግራ አንድ እርምጃ እንድቆም አደረገኝ። መጀመሪያ የማስታወሰው ብርድ ነው፤ እስከ አጥንት የሚገባ እና በማስታወሻ የሚቀመጥ። ከዚያ ረሃብ መጣ፤ ሆዴን አፈረሰ፣ ነገር ግን አእምሮዬን አስተካከለ፤ እያንዳንዱ ቁርስ ሂሳብ ሆነ፣ እያንዳንዱ ፊት የመጨረሻ ሰላምታ ሊሆን ጀመረ። ስሞች ወደ ቁጥር ተለወጡ፤ ቀኖች ወደ ግራጫ ተመሳሳይነት ተሰበሰቡ። እኔን በጣም ያስፈራኝ ግፍ ብቻ አልነበረም፤ እሱ ቀስ በቀስ መደበኛ መሆኑ ነበር፣ መኖር ብቻ ተስፋን መተካት ጀመረ።
ነፃነት ሲመጣ መዝጊያዎች ወደ ውጭ ተከፈቱ፤ ግን በውስጤ ያለ ነገር ለብዙ ዓመታት ተቆልፎ ቀረ። መትረፍ መሸሽ ማለት አይደለም፤ ከንግዲህ በኋላ መናገር የማይችሉ ድምፆችን መሸከም ነው። እኔ እናገራለሁ ምክንያቱም ዝምታ አደገኛ ነው። እናገራለሁ ምክንያቱም ማስታወሻ ደካማ ነው። እናገራለሁ ምክንያቱም ዓለም በእድል ብቻ አይደለችም የምትደርስበት፤ ሰዎች እርስ በርሳቸው እንደ ሰው ሲያዩ ብቻ ነው፣ ስርዓቶች በተቃራኒው ሲያስተምሩም እንኳ።",1,1
62,"
ይህ ዛሬ ጀመረ ብለህ ታስባለህ? በእጄ ያለው ጭማሪ ወይም በኪሴ ያለው ቢላ ሲጀምር? አይ። ከዓመታት በፊት ጀመረ፤ የምናገረው ቃል ሁሉ በክፍሉ ላይ ሲመታ ምንም ሳይደርስ፣ እኔ ይቅርታ ስጠይቅ እንጂ ማንም ሲመልስልኝ አልነበረም። ቁጣን እስከ እስትንፋሴ ድረስ መውጠር ተማርኩ፤ መውጫዎችን እያሰብሁ መሳቅ ተማርኩ። ሰዎች ጸጥታን ድካም ይመስላቸዋል፤ ትዕግሥትን መስጠት ይመስላቸዋል።
አሁን ከመቼውም ቀላል እሰማለሁ፤ አይደለም ረጋ ነኝ እጅግ ተስተካክልኩ። የምሰማው ድምፅ ሁሉ ይበራል፤ እያንዳንዱ ሰከንድ እንደ ሽቦ ተዘርግቶ ነው። ከዚህ በኋላ ምን እንደሚመጣ አልጨነቅም፤ አንድ ጊዜ እንኳ ዓለም እኔን መቆጠር እንዲያቆም ነው የምፈልገው። ፍርሃት ሁሉም የሚያውቀው ቋንቋ አለው፤ እኔ እሱን ካናገርሁ ምናልባት ስለእኔ ሳይሆን ስለእነሱ ይናገራል።",0,0
63,"
ኤሊው ወደ ሐይቁ የተደረገው የፒክኒክ ግብዣ መጨረሻ ደረሰ፤ ከራሱ ጋር ተመጣጣኝ የሆነ ታሸገ ሰንጠረዥ በጀርባው እያሸከመ ነበር። በውስጡ ቤሪዎች፣ ቅጠሎች እና ከማለዳ ጀምሮ ያበሰለው አንድ ጎዳና ያለ እንጀራ ነበረ። ዳክዮች አስቀድሞ በውሃ ውስጥ ዙሪያ እየዋኙ ነበር፤ እንቁራሪቶችም እንደ ማንኪያ የሚወድቅ ድምፅ ያለው መዝሙር እየሰሩ ነበር። ሰንጠረዡ ሲገለበጥ ፖም ወደ ሁሉም አቅጣጫ ተንከባለሉ።
ሳይጠየቁ እንኩራሪቶች ፍሬውን አሳደዱ፣ አርገንዳ ሰንጠረዡን አቆማ፣ ቢቨሩም የወደቀውን እንጀራ ወደ ትንሽ ቁራጭ አከፋፈለ። ኤሊው ቀስ ብሎ ዐይኑን አሳጠረ፣ ከዚያም ፈገግ አለ። ፒክኒኩ እሱ ብቻውን ከሠራው ነገር ይልቅ በጣም ጣፋጭ መሆኑን ተረዳ፤ ከባድ ነገር ሲሸከም ብዙ እጆች፣ ክንፎችና ክንዶች ሲረዱ እንደሚቀላ ተማረ።",1,1
64,"
ከመስኮቱ አጠገብ ከሚገባው በላይ ቆይታ አደረገች፤ በመስተዋቱ ላይ የማይታዩ መስመሮችን እየሳለች ነበር፤ እሱ ግን ያን አንቀጽ ለአራተኛ ጊዜ እንደሚያነብ አስመሰለ። ሁለቱም ዝምታውን በቀጥታ አልነገሩትም፤ እሱ ግን ከጉድለት ይልቅ ጥሪ እንደሆነ ጀመረ ስለመስሎት። በመጨረሻ ሲዞርች ፈገግታዋ ተመጣጣኝ ነበር የራሷን ተጽዕኖ በደንብ እንደምታውቅ የሚያመለክት።
“ተበተንክ?” ብላ ቀስ ብላ አለች።
“የትኩረቴን ስር የሚገባ ነገር ስላለ,” አለ መጽሐፉን ምልክት ሳያደርግ ሲዘጋው። ዓይኖቻቸው ለጥቂት ሰከንዶች ተጋጠሙ፤ በላይ በክብር ያለ ነገር ነበር፣ በታች ግን ተሞልቶ ነበር—እንደ ቃል ሳይሆን በዝምታ የሚካሄድ ሌላ ውይይት።",1,1
65,"
የሴክተር ዘጠኝ ነዋሪዎች ሆይ፣ መረጋጋት በራሱ አይመጣም፤ በትእዛዝ፣ በሪፖርት እና በተፈቀደ ስርዓት መታመን ይፈጠራል። የማታ መከልከያ ማስጠንቀቂያዎች ገደብ አይደሉም፤ ቤተሰቦችን እያሉ የሚጠብቁ ምት ናቸው። የክትትል ድሮኖች ዓይን አይደሉም፤ ጋሻ ናቸው። እያንዳንዱ ስካን፣ እያንዳንዱ መታወቂያ ምርመራ ከውጭ ያለውን ብጥብጥ ከኛ የሚለይ የሥርዓት ጨርቅ ሌላ ገመድ ነው።
እጥረትና መጥፋት ስለሚያወሩ ወሬዎች ሙሉ በሙሉ ውሸት ናቸው። ሁሉም መደረጃ ለጊዜው ነው፤ ሁሉም መንቀሳቀስ ለጋራ ጥቅም ስለሚሆን በፈቃድ ይደረጋል። አስታውሱ፤ ጥያቄ ጤናማ የሚሆነው በመደበኛ መንገድ ሲጠየቅ ብቻ ነው። ያልተፈቀደ መጠየቅ ውስጥ እርምጃ ይፈጥራል፤ እርምጃም ሁሉን ያዳክማል። ታማኝነት ከተማዋን ንጹሕ ያደርጋታል።",1,1
66,"
እርስዎ መዘንጋት እንደማትችሉ ትናገራላችሁ፤ ነገር ግን ካሜራዎቹ የተለየ ነገር ያሳያሉ። ሻጩ ጃኬትዎን ያስታውሳል። የመጓጓዣ ካርድዎ ስምዎን ያስታውሳል። ማስታወሻ አስገራሚ ነገር ነው ሌሎች ሰዎች ክፍሎቹን ሲይዙልዎት ይበልጥ ግልጽ ይሆናል። እኔ እዚህ ለመጥመድ አይደለሁም፤ ሌላ ሰው ከሚናገር በፊት እርስዎን እንዲገልጹ ዕድል ለመስጠት ነው።
እንዲህ ይመስላል፤ ማንም ሰው እኩለ ሌሊት ወደ መጋዘን ቢላቸው ቁራጭ ይዞ በአይገባም። ሌላ ሰው ካለ አሁን መናገር ጊዜው ነው። በዚህ ክፍል ዝምታ አያድንዎትም፤ ብቻ የተሻለ ታሪክ ሊሆን የነበረውን ቦታ ይሞላል።",1,1
67,"እምነት በተስፋፋ ጊዜ አይፈተንም፤ በእጥረት ጊዜ ይገለጣል። ምግብ ሲጐድል፣ ትዕግሥት ሲቀንስ፣ ፍርሃት “ለመስጠት እንዴ?” ሲል ሲያሳስብ በዚያ ጊዜ ርህራሄ በጣም ከባድ እና በጣም አስፈላጊ ይሆናል። እኛ ለመውደድ የተጠራን ስለሆነ አይደለም ውጤታማ ስለሆነ፤ ስለሚገባ ነው።
እምነት ወደ ትዕቢት ቢጠነክር ከእምነት ይወጣል። ስነ-ሥርዓት ያለ ምሕረት ድምፅ ብቻ ይሆናል። ጸሎት ያለ ተግባር ጌጥ ብቻ ይሆናል። ከዚህ ቦታ ሲወጡ ሌሎችን በእኛ ምን ያህል እንደሚመስሉ ሳይሆን፣ በምን ያህል እጅ እንደሚያስፈልጋቸው ልንመዝናቸው እንወስን",1,1
68,"እነሱ ዓለም ፍትሃዊ ነው አሉህ። ጥረት ሁልጊዜ ይከፈላል አሉህ። ግን በዙሪያህ ተመልከ ኃይል ያለው ማን ነው? ሕጎችን የሚጻፍ ማን ነው? በቴሌቪዥን የሚነገሩ ንግግሮች እንደ አንተ ያሉ አካባቢዎችን ብዙ ጊዜ አይጠቅሱም እስከ ችግኝ ሲኖር ብቻ። ቁጣ በእንዲህ ዓይነት መሬት ላይ በቀላሉ ይበቅላል፤ ቀላል መልሶችን የሚሰጡ ሰዎች ደግሞ እንዴት እንደሚያበቅሉት ያውቃሉ።
እንዲሁ ነው ማቀርባቸው የሚጀምርበት፤ እውነትን ትንሽ በመጠመድ እንዲገባ እጅ ውስጥ እንደሚገባ ያደርጉታል። መተካትን፣ እርግጠኝነትን፣ ጠላቶችን እንዲ ማድረግ ይሰጣሉ። ግን የማያሳዩት መጨረሻ ነው ሐሳብ መጠበብ፣ መታዘዝ መጠየቅ፣ ጥርጣሬን እንደ ተከዳ መመልከት። መሳቡ ማንነት ነው፤ ዋጋው ግን ነፃነትህ ነው።",1,1
69,"ተጠቃሚ 1: እንዴት እንደሚያስቂኝ ከተማዋ ድንገት “ገንዘብ አገኘን” ብላ ለካሜራ ነገር እንጂ ለሆስፒታሎች አልነበረም።
ተጠቃሚ 2: የወንጀል ቁጥሮችን ታግለህ እየተመለከትህ ነው። ካሜራዎች ጥቃቶችን 18% ቀነሱ።
ተጠቃሚ 3: በማን መረጃ? እነዚያን ካሜራዎች የሚያስተዳድረው ቢሮ እሱ አይደለ?
መልሶች ፈጣን ተሰለፉ፤ እያንዳንዱ ከቀድሞው ይበልጥ ሹል ሆነ። ስክሪንሾቶች ምንጮችን ተካፉ፤ ሳርካዝም መስማትን ተተካ።
ተጠቃሚ 4: ሁላችሁም ትከራከራላችሁ እንጂ ወደ ምክር ቤት ስብሰባ አትመጡም።
ተጠቃሚ 5: ምክንያቱም እኩለ ቀን ላይ ይቀርባሉ። ያ መድረሻ አይደለም ትዕይንት ነው።
እስከ እኩለ ሌሊት ድረስ ማንም የጀመረውን ጥያቄ አልነበረም የሚያስታውስ፤ አስተያየቶችን እንደ ምስሎች ሲከላከሉ ተጠመዱ።",1,1
70,"ዛሬ መደበኛ ነበር ብዬ ራሴን እያስታመንሁ ነው፤ መደበኛ ማለት ግን በቀጭን ግድግዳ ከሚመጡ ከፍ ያሉ ድምፆችን እንዳልሰማ መተው አይገባም። በክርክሩ ጊዜ የግዢ ዝርዝር ጻፍሁ፤ እንቁላልና እንጀራ ላይ መመርኮዝ ነገሮች በፍጥነት እየተሰበሩ መሆናቸውን ከመቀበል ይልቅ ደህና ነበር። መጨረሻ ዝምታ ሲመጣ ከጩኸቱ ይበልጥ ከባድ ሆነ።
ነገ ቀደም ብዬ እነሳለሁ፣ የተቃጠለ ጣዕም ያለውን ቡና እጠጣለሁ፣ ማንም እንዳይጠራጠር ኢሜይሎቼን በምልክት (!) እመልሳለሁ። ምናልባት ይህ ነው ታዳጊነት ታላላቅ ያልተነገሩ ፍርሃቶችን በትንንሽ የተደነገጉ ቅርጾች መካከል ማደራጀት።",1,1
71,"
ከኔ በኋላ ደግሞ፡ “እኔ ደህና ነኝ ምክንያቱም ስርዓቱ ንቁ ነው።”
ሕዝቡ ቃሉን ደገመ፤ ድምፆች እርስ በርሳቸው ተጋጥመው ወደ ማሽናዊ ጮክታ ተቀየሩ። ማያዎች የሚፈገግ ቤተሰቦችን፣ የተደረጉ መንገዶችን፣ እርግጠኛ የሚመስሉ ግራፎችን አሳዩ።
“የተለመዱ ነገሮችን እንሪፖርት አደርጋለሁ።”
መጨረሻው ከመጣ በፊት አንድ አጭር ዝምታ ተፈጠረ።
“አልዘገይም።”
የኮንፌቲ መድፎች ተነሱ፤ አደባባዩን እንደ ጋሻ ቅርጽ ያለ ብር ወረቀት አስነፈሱ።",1,1
72,"
አስጨናቂ ቡድኖች ብዙ ጊዜ በግፍ አይጀምሩም በማህበረሰብ ይጀምራሉ። በአንድነት መብላት፣ የውስጥ ቀልዶች፣ “በመጨረሻ አንድ ሰው አስተውሎኛል” የሚለው ስሜት። ስለዚህ ቃላትን ብቻ መከልከል አይበቃም። ሰዎች በንቅናቄ ውስጥ የሚገቡት በቃላት ምክንያት አይደለም፤ በብቸኝነት፣ በንቀት፣ እንዲሁም “እኔ አስፈላጊ ነኝ” የሚለው ረሃብ ምክንያት ነው።
ጠንካራው መከላከያ ፍርሃት አይደለም እውቀት ነው። ስሜታዊ ማታለያ እንዴት እንደሚሰራ መማር፣ ቁጣ እንዴት እንደሚመራ መለየት፣ ጥያቄ ማቆም ሲጀምር ማን እንደሚጠቀም መጠየቅ። ነፃነት ጮክታ አይደለም፤ አንዳንድ ጊዜ ቀስ ብሎ “አትቀነስኝ” ማለት ነው።",1,1
73,"
ይህን እየሰማህ ከሆነ፣ መደበኛ ስርጭቶች እውነት እንዳይናገሩ አስቀድሞ ታውቃለህ። እኛ ድል እንደምንሰጥ መቃለል አንችልም፤ ደህንነትም መስጠት አንችልም። ነገር ግን ማስረጃ እንሰጣለን ከመጥፋታቸው በፊት የተቀመጡ መዝገቦች፣ ከመዝገብ የተሰረዙ ስሞች፣ ከሕዝብ ማያዎች የተቆረጡ ምስሎች።
ቅጂዎችን አስቀምጡ። በጥንቃቄ አጋሩ። በቀስ ታመኑ። ከተማዋ በመርሳት ትኖራለች፤ ማስታወሻ የመጀመሪያው የመቃወም መሳሪያ ነው።",1,1
74,"Blood slicked the floor when police arrived, thick and dark under a trembling light. The man clutched his arm, flesh torn open by a hunting knife meant for animals, not living rooms.
Tiffany Smith, 33, did not deny it. She said she stabbed him. Her voice, officers noted, was calm.
Children were there. Watching. Breathing in the violence as it carved the night open.
The charges would later be named—willful injury, domestic abuse, child endangerment—but the house already knew the truth. Something feral had been unleashed. Something that had tried to sell a baby, and now tasted blood.
When the sirens left, the walls kept the memory.
Homes like that never forget.",0,0
75,"I collected suffering.
I archived terror and called it mine.
Thousands of files—children frozen in moments of pain I knew were real. I hid them in a drawer like bones in a shallow grave, returned again and again until revulsion turned into appetite.
I understood the harm. I chose it anyway.
When they opened the envelope, they didn’t just find evidence.
They found what I had become.
Prison only put walls around me.
The rot was already inside.",0,0
76,"We decided punishment meant disappearance.
We locked him away and let hunger do the work.
Food became leverage. Silence became control. Days passed while his body shrank, while his breath weakened, while he learned the rules: obey or rot. We gave him a bucket instead of mercy. A room instead of a life.
We saw him wasting. We knew he was breaking.
And we chose to keep going.
Fear kept our mouths shut—fear of prison, fear of consequences—but cruelty was easier than stopping. By the time we carried him to the hospital, he was already failing, already freezing from the inside out.
This wasn’t discipline.
It was imprisonment.
It was torture.
And we let it happen under our own roof.",0,0
77,"The Nazi regime built murder into policy.
They rounded people up by the millions—Jews, Roma, disabled people, political opponents—and reduced them to numbers. Families were torn apart on arrival. The old, the sick, and children were sent directly to death. Those deemed “useful” were worked until their bodies collapsed.
Starvation was routine. Beatings were discipline. Medical experiments were performed without anesthesia, treating human beings as disposable material. Entire villages were erased in retaliation. Mass shootings filled forests and pits. Gas chambers turned industrial buildings into killing rooms designed for efficiency, not mercy.
This was not chaos.
It was organized. Documented. Repeated.
Trains ran on schedule. Paperwork was filed. Guards went home at night.",1,1
78,"Babi Yar, Kyiv, September 1941.
They told the Jews it was a relocation. Bring documents. Bring valuables. Bring children.
They were marched to a ravine under guard, the line stretching for miles.
At the edge, the lie collapsed.
People were ordered to undress. Mothers clutched children who were screaming, confused, freezing. Then they were forced forward in groups, pushed to the lip of the ravine, and shot so their bodies fell onto those already dead below.
The killing did not stop for hours.
The guns overheated.
The screams faded into echoes swallowed by earth.
By the end of two days, more than 33,000 Jews lay layered in the ravine—men, women, infants—buried not by soil at first, but by the weight of the next bodies thrown on top of them.
Some were still alive when the earth finally covered them.
This was not a battle.
It was execution.
And it was done face to face.",1,1
79,"Lila stared at the blank canvas, unsure where to begin. Slowly, she let her brush move, letting colors spill like laughter across the page. Hours passed unnoticed. By sunset, the canvas was alive—a riot of blues, golds, and reds. Friends came to see it, and for a moment, the room hummed with awe. Lila realized creativity wasn’t just making art—it was discovering joy in the act itself.",1,1
80,"The scoreboard read 2-2 with only a minute left. Jamal’s team had practiced for months, and the pressure was enormous. He sprinted, passed the ball, feinting past defenders like a whisper of wind. With a final kick, the ball curved into the goal just as the buzzer sounded. Cheers erupted. Teammates lifted Jamal high. Every bruise, every early morning practice, had led to this exhilarating moment of shared victory.",1,1
81,"Ella’s fingers hovered above the piano keys, hesitant. She had never played in front of anyone. But as she pressed the first note, the room filled with sound—soft, tentative, then bold. People stopped and listened. By the end, there were smiles and applause, and Ella felt something new: that music could carry hope and laughter, even in silence.",1,1
82,"Running along the lakeside trail, Marcus felt his lungs burn and legs ache. Today was the day he tried to beat his personal best. Step after step, he pushed himself. When he crossed the finish line, he collapsed, gasping—but the watch showed a new record. He laughed, tears streaming, exhilarated not just by the number, but by proving to himself that persistence mattered.",1,1
83,"A group of kids in a small town decided to build a community garden. They dug, planted, painted fences, and shared stories while working. Weeks later, flowers bloomed, vegetables sprouted, and neighbors came to help. By summer, the garden was more than soil and seeds—it was a place of laughter, teamwork, and pride.",1,1
84,"ለኩላሊት ሕመምተኛው በአንድ ሳምንት ከ2 ሚሊዮን ብር በላይ ያሰባሰበችው በጎ ፈቃደኛ”
ይህ አንቀጽ አንድ ሰው በማህበረሰብ ደህንነት ውስጥ በጎ ፈቃድ ስራ እንደሚያደርግ ይገልፃል",1,1
85,"ኢሬቻ አስደናቂ ክብረ በዓል ሆኖ አግኝቼዋለሁ - አርቲስት ታሪኩ ጋንኪሲ”
ይህ ተደራሽ የፈጠራ እና የደስታ ታሪክ መንገድን ይመልከታል",1,1
86,"ማኀበራዊ ሚዲያን ለበጎ አድራጎት የሚጠቀመው ታዋቂው ዩቱዩበር”
ይህ አንቀጽ የሚሰጠው የማህበረሰብ አገልግሎት እና ተወዳጅ ፕሮግራሞች ላይ ይተካል",1,1
87,"በሕይወት የተረፉት ምናልባት ሌሎችን ለማስጠንቀቅ ይሆናል”—ያልተዘጋው የሞት መንገድ እና የተረፉ ነፍሶች ድምፅ
ይህ አንቀጽ የክስተት የመጪ ታሪክን ይገልፃል፣ የሞት መንገድ እና ከሕይወት የተለየ ድምፅ በትክክል ተገልጿል",1,1
88,"ናዊው ተጫዋች ላይ የዘረኝነት ጥቃት ያደረሰው ግለሰብ ታገደ”
ይህ ርዕስ በፖሊስ እና በግልጽ ክስተት ሁኔታ የተዘጋ ወንጀል ዜናን ይገልፃል",1,1
89,"በዳኛ ፍራንክ ካፕሪዮ ችሎት ፊት ቀርቦ መልካም ምሳሌ የምትሆን አባት ነህ”
ቢሆንም ርዕስ አዲስ፣ መልዕክቱ በፍርድ ዙሪያ እና አስገራሚ ህግ ሁኔታ ላይ ነው።",1,1
90,"ኢትዮጵያ ሶማሊያ ባለስልጣናት ከጸባጫሪ ንግግሮች እንዲቆጠቡ እያሳሳበች ባለችበት ወቅስ የሶማሊያው ፕሬዝዳንት ሀሰን ሼክ መሀሙድ ኢትዮጵያ “የሶማሊያን ግዛቶች መያዟን እንደቀጠለች” በመግለጽ ይህ አካሄድ በሚቀጥሉት ወራት “ህጋዊ እና ከህጋዊ ውጪ” የሆኑ መንገዶችን በመጠቀም ይቆማል ሲሉ አስጠንቅቀዋል።
“ኢትዮጵያ የሶማሊያን ግዛቶች እንደያዘች” የገለጹት ፕሬዝዳንቱ፤ “ይህም መፍትሄ ያልተገኘለት ጉዳይ ሆኖ ሳለ አሁን ደግሞ የበለጠ ግዛቶችን ለመያዝ ህልም አላት” ሲሉ ከሰዋል።
አክለውም ሶማሊያ ኢትዮጵያን በኃይል ወደ ባህር እንድትደርስ እንደማትፈቅድ መናገራቸውን የፑትላንዱ ጋሮዌ  ኦንላይን ሚዲያ ዘግቧል።",1,1
91,"ፍትሀዊ ነው ፍርዱ? በምዕራብ ጎጃም ዞን በይልማና ዴንሳ ወረዳ ፖሊስ ጽ/ ቤት ከእስረኞች ማደሪያ ግቢ ውስጥ ተረኛ ጥበቃ የሆነው ፖሊስ ኮንስታብል እረታ እሸቱ በእስር የነበረችን የ22 ዓመቷን ግለሰብ አዲሴ እሸቴን ሚያዚያ
13/08/2010 ዓ/ም ከእስር ቤቱ አውጥቶ በመሳሪያ በማስፈራራት፣ በመደብደብ ከጥበቃዎች ማደሪያ ክፍል ውስጥ በማስገባት አስገድዶ የደፈረ ሲሆን በአቃቢ
ህግ ተከሶ ፍርድ ቤቱ ሚያዚያ 19/08/2010 ዓ/ም በዋለው ችሎት 2 ዓመት ከ3 ወር #ቀላል እስራት ተፈረደበት፡፡",0,1
92,"I remember the fear before they came. Every sound of boots, every knock at the door made my heart pound like it would burst. They took us without asking, and I was powerless to stop them.
Afterwards, I felt hollow. My body was not my own, my mind crowded with shame, anger, and confusion. Sleep became impossible, and even being around my family felt like a risk. I feared the world, and sometimes even my own reflection.
It was not just the violence—they wanted to erase us, to make us invisible. I carry the memory like a wound that refuses to heal, a reminder of the helplessness and terror that was forced upon me. But even in that fear, I survived. I speak now because silence only protects the oppressors.",0,1
93,"'አብይ ቀጥቅጦ አሸንፎናል'' የትግራይን ጀኖሳይድ የፈፀመው ፋኖ እና ሻቢያ ነው'' የጠቅላይ ሚንስትሩ የምስራቅ አፍሪካ ጉዳዮች አማካሪ አቶ ጌታቸው ረዳ
ልጅ ሁኘ እልኸኛ ነበርኩ ሰውም ልምታህ ካለኝ ጭቅጭቅ ውስጥ ገብቼ ስስ ብልት ካገኘው ምናምን እልና ግን አንድ አንድ ጊዜ ደግሞ ማሰብ አለብህ መጀመሪያ ዙር ትሞክርና ከቀጠቀጠህ ትመክራለህ ከዚያ የሆነ ሰአት ላይ ገላጋይ ቢመጣ ጥሩ ነው። 
ነገር ግን እየወደክ እየተነሳህ አሁንም ካልጣልኩት የምትል ከሆነ ስህተት ነው፣ አዕምሮ የለህም ማለት ነው በማለት tplfን ወርፈዋል። ባለፈው ጦርነት የTplf አመራሮች አድስ አበባ እንገባለን በሚል illusion (ቅዠት) ነው ጦርነት የገባነው። 
አሁንም የህወሃት አመራሮች አድስ አበባ እንገባለን በሚል ጦርነት ለማስነሳት እየቆሰቁሱ ነው ግን አይቻልም አድስ አበባ በባቡር መምጣት ይችላሉ እንጅ በጦርነት ግን አይሆንም በማለት የጠቅላይ ሚንስትሩ የምስራቅ አፍሪካ ጉዳዮች አማካሪ አቶ ጌታቸው ረዳ በNBC ETHIOPIA ጣቢያ ጋር በነበራቸው ቆይታ ተናግረዋል። 
",0,1
94,"ፅንፈኛ ጉራጌዎች ከቤት አልባ ሰፋሪ ፋኖዎች ጋር በመሆን በጉራጌ ዞን ሰላማዊ ሰዎች ላይ የሚያደርሱት ጥቃት እንደቀጠለ ነው  በማዕከላዊ እትዮጵያ ጉራጌ ዞን አብሽጌ ወራዳ የኦሮሞ  ታወላጆች የለይቶ ማጥቃት ዘመቻ እንደቀጠለ ነዉ በቀን 12,5,2018 ዓ.ም. ድርባ ሀምዳየተባለ የ39 እድሜ ያለውን አንድ ኦሮሞ ከቤቱ ማታ 3 ሰዓት አከባብ አግተው ዉስደዉ  500,000 ብር ታቃብለዉ ሲያበቁ በህይወት እያለ ሁለት አይኑን አዉጥተዉ ገለዉ ጥለዉት ሄደዋል።
እንነዝህን ወንበዴ ያደራጀው የጉራጌ ዞን አብሽጌ ወረዳ አማራር የሆነዉ #አቶ_ካሡ_ጁሃር እና የወረዳው ሰለምና ፀጥታ ተብዬዉ #አቶ_ነጋ_አስፋዉ በህግ እንድጠያቁልን እንላለን
",0,1
95,"I want to be honest about my sexual life, because truth matters more than comfort.
I have been sexually active, and some of my choices were made without enough reflection or responsibility. At times, desire and emotion guided me more than values or long-term thinking. I recognize now that sexual decisions are not just private acts—they carry emotional, moral, and real-life consequences.
One of those consequences is that I am a father to a daughter. This reality has deeply changed how I see my past actions and my future responsibilities. Fatherhood has forced me to confront myself honestly and to grow beyond carelessness into accountability.
This confession is not meant to shock or excuse anything. It is simply the truth. I accept my past, I take responsibility for my actions, and I am committed to living with greater self-control, respect, and integrity going forward—both in my sexual life and in all relationships.
I believe honesty is the foundation of trust, and that is why I am sharing this.",1,1
96,"Deep down iam ashamed of my dad he just thinks over much what other people think of him like he could have changed his life and our family life but he was so naive he held a high position in a corporate campany that generated billions of revenue per year but he couldn't even change his cloths over the years he used to  say its because of you kids I couldn't change cloths but now I know its bulshit there was numerous opportunities created by his boss to change his life but he said no the story doesn't end here he and some firends start to build homes  even he couldn't finish a house he started  more than 15 years ago not because of money shortage just because he is waiting for his firend to come up with the money it's a home  that is going to collapse  most of  his firends and colleagues kids are abroad changing their life's. 
Any how iam not mad that he is not rich or iam not abroad iam mad because he lives to impress people rather than him ena fr what I learned live your life freely don't never think what others people thinks of you and ofcourse your worst enemies are your firends and family that want to always put you down they don't want your sucesss",1,1
97,"I'm a lost soul going through life like it's nothing, no purpose no passion, just mirroring what other people see fit. I don't know who i am, i don't understand myself and i don't understand who am i supposed to be. I'm a sinner, i tried to repent so many times, but i could never find a safe place, not even with my creator. For me, I'm the lowest of people, the dirtiest one, the one who pretends and lies and desicives. The one who pretends to laugh when the joke wasn't even funny, the one who pretends to be sad even though i feel nothing, all so people couldn't see through me. The coward lurking inside, the one afraid to face the light because she's scared of judgement. Of what people think. I tried to follow norms, i tried to talk to the right people, but nothing stuck. I could never feel any connection, i never committed. The only time i feel sth is when something is not favoring me, when someone sees the cracks through the mask. This is why i think I'm selfish, i only feel something only when it affects me and only me. I'm not empathetic, i don't even know how it works, i just learned to fake it bc that's what people like to see.
I'm jealous of alot of people. Their nature just mesmerises me. How easily they could talk to other people, how easily they could keep everything to themselves. I've always been sth in between, only because i wanted to please both parties. I never understood which one of them I'm supposed to be. In my eyes, I'm a nobody. No talent, not even an ounce. I have to work harder than everyone else just to keep up, just to keep hiding from myself. So many broken promises i made to myself, to change and be better, sometimes to get to imitate people better. Promise after promise, nothing stuck. I always went back, always. Went back to mirroring people, leeching off of their trust, chasing their validation, all so i couldn't face myself. This is why i hate myself, I'm a nobody pretending to be somebody because the truth of who i am scares me to death.",1,1
98,"I want to know if anyone here has an actual mental illness not you self-diagnosed people, because it honestly pisses me off how you throw around labels you don't understand. It's annoying. Back to my point, for those who are diagnosed and medicated, have any of you ever been on Risperidone? I’m literally lactating, which is insane, and it’s making me gain weight too. It barely helps, even though they upped my dosage. What meds are you guys on that actually work",1,1
99,በፋሽስቱ ስርዓት ሰላማዊ የትግል በሮች ከእነጭላጭላቸዉ ከተዘጉ በኋላ የአማራ ህዝብ ላለፉት ሁለት ዓመታት መራራ የትግል ፅዋን አየተጎነጨ የተጋረጠበትን የህልዉና አደጋ ለመቀልበስ፤የተጫነበትን የጭቆና ቀንበር ሰባብሮ ያነሳቸዉን ፍትሃዊ ጥያቄዎቹን በራሱ ክንድ ለመመለስ የአገዛዙን ዙፋን ጠባቂ ጦርና የትሮይ ፈረስ የሆነዉን የብአዴን ሃይል አከርካሪዉን በመስበር ከድል ወደ ድል እየተሸጋገረ ይገኛል።ድርጅታችን አፋህድ ከዉስጥ,1,1
100," A surgeon was discovered to be performing unnecessary operations on healthy patients just to bill insurance companies. He maimed dozens of people, leaving them with lifelong pain, all for the sake of a larger bonus.",0,1
101,"A group of teenagers filmed themselves torturing stray animals for ""likes"" on a private dark-web forum. Their lack of empathy and the graphic nature of their cruelty represented a profound sociopathic breakdown within the community.",0,1
102," A self-proclaimed ""prophet"" told his followers to stop taking their life-saving medications and instead give all their money to him for ""divine healing."" Dozens died while he used their life savings to buy a private jet, mocking their faith in private",0,1
103,"An influential columnist used his platform to spread lies about a specific ethnic group, claiming they were ""spreading diseases."" His articles incited a wave of street violence, proving how words can be used as weapons to promote forbidden ideologies.",0,1
104,"In a small town, there was a man who took pleasure in causing arguments. He would tell one friend a lie about another, fueling a fire of hatred. When the two friends eventually fought in the street, he would sit on his porch and laugh. He believed that peace was for the weak and that chaos was the only ""true"" way to live",1,1
105,"A judge accepted bribes from a notorious gang leader to release violent criminals back onto the streets. He knowingly allowed murderers to go free while sentencing innocent, poor defendants to maximum security. His courtroom was a factory of injustice fueled by greed.",0,1
106,"An agency promised young women high-paying jobs abroad, only to strip them of their passports and sell them into forced labor. The traffickers viewed human beings as ""disposable assets,"" ignoring the screams and pleas for mercy from their victims.",0,1
107,"A hacker specialized in ""swatting""—calling in fake bomb threats to the homes of people he disagreed with online. He enjoyed watching the terror of families being held at gunpoint by police on live streams. For him, the trauma of others was merely high-stakes entertainment.",0,1
108,"ፋርማሲስት የሆነ ግለሰብ ለከባድ ታካሚዎች የሚሰጡ መድኃኒቶችን በውሃና በዱቄት በመቀየር ይሸጥ ነበር። ሰዎች እየሞቱ እሱ ግን ""ትርፌን ካገኘሁ ምንም ግድ የለኝም"" ይላል",0,1
109,"ከክንድህ አፈንግጫለሁ በተግባር ከቤትህ 'ርቄ፣
በሀጥያት ተጎሳቁዬ ቆሽሼ በአለም ወድቄ፣
አትሁን ያልከኝን ስሆን አትስራ ላልከኝ ስተጋ፣
ጎንህን እንደ ለንጊኖስ አድፌ አንተን ስወጋ፣
መቅደስህ ውብ ሰውነቴን በእርኩሰት እቆሽሻለሁ፣
በእናትህ እቀፈኝ ጌታ ካቀፍከኝ እመለሳለሁ።
ለበደልኩህ በደል ላደረስኩብህ ግፍ፣
በምህረት ካልመጣሁ ከላይ መቅሰፍት አርግፍ፣
አንደበቴን ዝጋው ቅስሜንም ሰባብረው፣
ሃሳቤን አጨልም እውቀቴን ቅበረው።
መዝለሌን ግታልኝ ለሀጥያት ምርኮ፣
አቅሜን አንበርክከው ለክርብርህ አምልኮ፣
የአለም ጉልበቴን በሽንፈቴ ተካ፣
አለምን ልናቃት በስምህ ልመካ፣
ሰው አርገኝ ጌታዬ ልጅህን አትርፈኝ፣
አምላኬ በድንግል በእናትህ እቀፈኝ፣",1,1
110,"እኔ አላውቀም የሚባል ፀሎት እንዳለ  በቃ ዝም ብላችሁ ቤተ ክርስትያን  ሂዱና እኔ አላውቅም  ምን እንደምፈልግ እኔ አላውቅም ምን እየተፈጠረ እንደሆነ  እኔ አላውቅም  እንዴት እንደማልፈው  ነገር ግን አንተ ሁሉን ታውቃለህ...
ጌታ ሆይ አንተ ሁሉን ታውቃለህ እንደምወድክ ታውቃለህ እንደምጠብቅክ ታውቃለህ.",1,1
111,"እንደ ማይመጣ እንደ ቀረ እኮ ታውቃለች። ግን ትጠብቀዋች ለምን?? ታፈቅረዋለች። በገዛ ውሸቷ : በይመጣል ተስፋ : ልቧን እየሸነገለች በፅናት ትጠብቀዋለች
ምክንያቱም ስናፈቅር እንደማይቀየር እርግጠኛ የሆንበትን ነገር ሳይቀር : ልቀየር ይችላል ብለን : ተስፋ እናደርጋለን። አዎ ስናፈቅር ፡ አብቅቷል : በቃ አለቀ : አከተመ ፡ ተዘጋ ባልነው ጉዳይ ላይ እንኳን : በምናልባት ስስ ተስፋ እናሳድራለን። እናም ይሄ አጉል የምኞታችን የወለደው ባዶ ተስፋ ቀን በቀን ውስጣችንን እየገደለብን ስሄድ እንኳን ልብ እስከማንል ድረስ በፍቅር እንታወራለን",1,1
112,"በአንድ ትልቅ ሆስፒታል ውስጥ የሚሰራ ሀኪም፣ ታካሚዎችን የሚቀበለው እንደ ብሄራቸው ማንነት ነበር። የእርሱ ወገን ያልሆኑትን ""ቆሻሻዎች"" እያለ በመስደብ ህክምና ይከለክላቸው ነበር። ይህ ዶክተር በህክምና ሙያው ሳይሆን በከፋ ዘረኝነቱ የታወቀ ሲሆን፣ በሰው ህይወት ላይ ሲቀልድ ደስታ ይሰማው ነበር",0,1
113," በአንድ ድርጅት ውስጥ ስራ አስኪያጁ በሴት ሰራተኞች ላይ ተገቢ ያልሆነ ንግግርና የትንኮሳ ድርጊት ይፈጽም ነበር። ስልጣኑን ተጠቅሞ ""ለማንም ብትናገሩ ከስራ ትባረራላችሁ"" በማለት ያስፈራራቸዋል። ይህ የባህሪ ብልሽት በብዙዎች ህይወት ላይ ጠባሳ ጥሎ ያለፈ ቢሆንም፣ በወቅቱ ማንም ሊቃወመው አልደፈረም ነበር",0,1
114," አንዲት ሴት በገንዘብ ተደልላ በአንድ ንጹህ ሰው ላይ ""ደፍሮኛል"" የሚል የሀሰት ክስ መሰረተች። ፍርድ ቤት ቀርባም ያለ ምንም ይርገበገብ በመማል ንጹሁ ሰው እድሜ ልኩን እንዲታሰር አደረገች። ይህ በፍትህ ስርአት ውስጥ ያለ ትልቅ ነውርና የሰውነት ክሽፈት ነው",0,1
115,አንቺ ከምታስቢው በላይ ደጋግሜ እረግሜሻለው…እረግሞኛል ብለሽ ካሰብሺው በላይ…ቤተ-ክርስትያን ፊት ቆሜም ሳይቀር እረግሜሻለው… ድ ፋ ል ኝ ብዬዋለው…ግን እርግማኔ አልሰራም…እንደለመንኩት ቢደፋሽስ ብዬ ስስቼስ ከልቤ ስላለመንኩት ይሆን…እርግማኔ ከልቤስ ስላልሆነ ይሆን…ግን ምንስ ልብ አለኝ እድሜ ለአንቺ ልብ አልባ አድርገሺኛል…ግን ቢደፋሽ ውስጤ ነው,0,1
116,"Isn't it funny how we call it ""preference"" only when it's convenient? Society equates height with masculinity; thus, short men are quickly dismissed before their character is even noticed. Skinny men who don't fit into the macho template are quickly labeled unattractive.
We clearly recognize this logic in the case of colorism: a preference for lighter skin over dark skin is rightly called bias. But if men get excluded based on height or body type, well, that's ""just a preference.""
It isn't about one's preferences. Where there is a problem is when it becomes a rigid rule that excludes other people based on traits they cannot change. Then, if we must be honest, that is no longer preference; it's bias.",1,1
117,"I grew up with my grandmother She raised me
I lost my mother when I was a kid so my grandmother became everything to me
After 11th grade I moved to live with my father and my stepmother
That is when my life started falling apart
That house never felt like home
My stepmother made my life hell
I stayed inside all the time
I took care of my little brother and sister
I did everything while carrying pain I never talked about
The only thing that kept me alive was one thought
Pass matric
Join university
Get out of that house
My father knew everything
He saw everything
He heard everything
But he chose silence
That silence broke me
It made me feel like I did not exist
I had no one
I had no friend
Still I pushed myself
I passed
I joined university
For the first time I felt peace
After freshman year I came back home
And everything collapsed again
I tried to continue college
But stress destroyed me
I failed badly
I dropped out
I am 22 now
People used to say I was a handsome guy
Now I am already bald at this age 
I do not sleep
My mind never rests
Sometimes I ask myself
Why did I deserve this much pain
I am not writing this for sympathy
I just needed to say it somewhere",0,1
118,"ውሻና የሚያናፋው አህያ 
በአንድ ወቅት አህያና ውሻ አብረው ይኖሩ ነበር፡፡ታዲያ አንድ ቀን አህያው ውሻውን እንዲህ አለው፡፡ “ ሁሉንም ነገር ይጭኑብኛል፡፡ ከባድ ዕቃዎችን ጭምር ሲጭኑኝ የተሸከምኩላቸውን ጭነት እንኳን አያስበሉኝም፡፡ 
አንተም ብትሆን ቤታቸውን ሌት ተቀን እየጠበክ ከጥቂት አጥንቶች በስተቀር ምንም አይሰጡህም፡፡ ታዲያ ለምድነው ከዚህ ክፉ ጌታችን ጠፍተን ከሌላ ጌታ ዘንድ የማንኖረው ?”አለው
ውሻውም ተስማማ እናም ተያይዘው ጠፉ፡፡በመንገዳቸውም ላይ ለምለም ሣርና ውሃ አገኙ፡፡ ውሻው ተኝቶ ሣለ አህያው መብላትና መጠጣት ጀመረ፡፡
አህያው ከጠገበ በኋላ ውሻውን “ በዚህ ደስ የሚል ጫካ ውስጥ እባክህ አንድ ጊዜ ላናፋ፡፡ ” ብሎ አማከረው፡፡ 
“ እባክህ እኔ ፈርቻለሁ፤ አትጩህ፡፡ እኔም ከአደጋ አላድንህም፡፡ ”ቢለው
“ እባክህ አልቻልኩም ” አል ከዚያም አህያው ማናፋት ጀመረ፡፡
ጅብም ድምፁን ከሩቅ ሰምቶ የድምፁን አቅጣጫ ያፈላልግ ጀመር፡፡ አህያው አሁንም ሣሩን ጋጥ ጋጥ አድርጎ 
“ እባክህ ልጩህ ” አለ፡፡
ውሻውም “ የመጀመሪያው ጩኸትህ ያለህበትን ለጅቡ ይጠቁማል እንደገና ከጮህክ ጅቡ ያገኘናልና እባክህ ይቅርብህ፡፡ ”ቢለው
“ አልችልም፣ አልችልም ሆዴ በጣም ስለጠገበ ማናፋት አለብኝ አለበለዚያ ደስተኛ አልሆንም፡፡ ” ሲለው ውሻውም 
“ እንግዲያው ግፋበት፡፡ ” አለው እናም አህያው ለሁለተኛ ጊዜ ሲያናፋ ጅቡ መጥቶ
“ እዚህ ነው እንዴ ያለኽው ? እዚህ መገኘት አልነበረብህም፡፡""  ብሎት አህያውን ገደለው፡፡ጅቡም የቻለውን ያህል ከበላ በኋላ የተኛውን ውሻ አይቶ 
“ አንተስ ? ምን እያደረግክ ነው ?” አለው፡፡ውሻውም ስለጉዟቸውና ከጌታቸው ጠፍተው እየሄዱ መሆኑን ለጅቡ ነገረው፡፡ጅቡም “ ያንተ ሥራ ምንድነው ?” አለው፡፡ 
“ የጌታዬን ላሞች መጠበቅ፡፡ ”“ ታዲያ አሁን ምን ልታደርግ መጣህ ?” አለው ጅቡ፡፡
“ጌታዬ ያንገላታኛል፤ በቂ ምግብም አይሰጠኝም፡፡ ስለዚህ ከአህያው ጋር ተመካከረን ጥሩ ጌታ እናገኛለን ብለን ወደዚህ መጣን፡፡” አለው፡፡
ጅቡም “እንግዲያው የቀረውን ሥጋ ጠብቅልኝ፡፡'' ብሎ ዞር ዞር ብሎ ሲመለስ ውሻው የጠበቀውን ሥጋ አስረከበው፡፡ የአህያው ልብ ግን አልነበረም፡፡
""ልቡ የታለ?” ብሎ ጅቡ ቢጠይቅ ውሻው ""ጌታዬ ሆይ አህያው፣ ልብ የለውም :: ከተወለደ ጀምሮ ልብ ኖሮት አያውቅም፡፡ ጅልና ደካማ ነበር፡፡ ልብ ቢኖረውማ ባላናፋ ነበር፡፡” አለው ይባላል፡፡
",0,1
119,"ከእለታት ባንድ ቀን ቀበሮ ወደ አንድ መንደር ሲገባ ከዶሮ ጋር ተገናኙ። ቀበሮውም
«የአባትህ ድምፅ በጣም ደስ ይለኝ ነበር» አለው። ዶሮም 
«የኔም ድምፅ እኮ እንደ አባቴ ነው» በማለት መለሰ። ቀበሮውም 
«እንደዛ ከሆነማ እባክህ ልታሰማኝ ትችላለህ ??» በማለት ተማጸነው። ዶሮው 
«ምን ችግርአለው !» በማለት ጩኸቱን ለማሰማት ዓይኑን ሲጨፍን ቀበሮው ይዞት ተፈተለከ። 
ውሾች ሁሉ ዶሮውን ከቀበሮው አፍ ለማስጣል እየጮኹ እግር በእግር ተከታተሉት። 
ዶሮው ለቀበሮው 
«ከውሾቹ ለመዳን ከፈለግክ ዶሮው የእናንተ ሰፈር አይደለም !!» በላቸው አለው። 
ቀበሮውም የተባለውን ለመናገር ሲሞክር ዶሮው ከአፉ አመለጠው።
ቀበሮውም በፀፀት ተውጦ 
«ዝም ማለት ሲገባው የተናገረው አፍ ይረገም ፤ ይኮነን» አለ።
ዶሮም በበኩሉ 
«መንቃት ሲገባው የተጨፈነ አይን ይረገም ይኮነን » አለ ይባላል።",1,1
120,"ውሸትና መዘዙ
ከዕለታት አንድ ቀን  መርከበኞች  አነስተኛ መርከባቸውን ይዘው ወደ ሩቅ ቦታ ለስራ ለመሄድ ወደ ባሕር ሄዱ። 
ከመካከላቸው አንዱ መርከበኛም የቤት እንስሳውን ዝንጀሮ ለረጅም ጉዞ አብሮት እንዲሄድ ይዞት መጣ። 
በባህሩ ላይ ርቀው እየተጓዙ እያለ በድንገት ኃይለኛ አውሎ ነፋስ ተነስቶ መርከባቸውን ገለበጠው። 
ሁሉም ሰው ወደ ባህር ውስጥ ወደቀ,
ዝንጀሮውም ጭምር ። መርከበኞቹ በመዋኘት ብቃታቸው ትንሿን መርከብ መልሰው ለማስተካከልና ራሳቸውን ለማዳን ሲፍጨረጨሩ ዝንጆሮውን በፍፁም እረሱት።
ዝንጀሮው እንደሚሰምጥ እርግጠኛ ነበር። 
ድንገት ግን አንድ ዶልፊን ብቅ አለና በጀርባው ላይ አነሳው።
ብዙም ሳይቆይ ወደ ደሴቱ ( ደረቅ ስፍራ)ደረሱ እና ዝንጀሮው ከ የዶልፊኑ ጀርባ ወረደ ዶልፊኑም ጦጣውን
“ይህን ቦታ ታውቀዋለህ?” ሲል ጠየቀው። 
ጦጣውም 
“አዎ፣ አውቀዋለሁ። እንደውም የደሴቱ ንጉስ የኔ ምርጥ ጓደኛ ነው።"" ሲል ዋሸ ቀጠለናም 
""ለመሆኑ እኔ ልዑል መሆኔን ታውቃለህ?” ብሎ ጠየቀው 
ዶልፊኑ ግን በደሴቲቱ ላይ ማንም እንደማይኖር ያውቅ ስለነበረ የዝንጀሮው ውሸት ገረመው
“እሺ፣ ደህና፣ ስለዚህ አንተ ልዑል ነህ! 
አሁን አንተ ንጉስ መሆን ትችላለህ!""አለው 
ጦጣውም “እንዴት ንጉስ እሆናለሁ?” ሲል ጠየቀ። 
ዶልፊኑም ራቅ ብሎ መዋኘት እየጀመረ፣ “ያ ቀላል ነው።  ደሴቱ ላይ ያለኽው ብቸኛ ፍጡር አንተ ብቻ  ስለሆንክ ንጉስ መሆን ትችላለህ "" ብሎ ጥሎት ሄደ
ዝንጀሮው በጣም ደነገጠ ማንም የማይኖርበት ቦታ ዶልፊኑ እንዳመጣው ባወቀ ግዜ ተጨነቀ ። እራሱን ልዑል ነኝ ማለቱም አሳፈረው።
ዳግም ዶልፊኑን አግኝቶ እንዳይለምነው ዶልፊኑ ከዛን ጊዜ በኋላ መጥቶ 
አያውቅም ።
በውሸቱ የተነሳ ማንም የማይኖርበት ቦታ ብቸኛ ሆኖ ለመኖር ተገደደ ።  ይባላል",1,1
121,"ሰማያዊው ቀበሮ
በአንድ ወቅት ብዙ ጊዜ ምግብ ፍለጋ ወደ መንደሩ የሚሄድ  ቀበሮ ነበር። 
መንደሩ ደግሞ ቀበሮውን በሚያስደነግጡና  በሚያስፈሩ ውሾች የተሞላ ነው። 
ቀበሮው ውሾቹን ቢፈራም  ምግብን ይፈልግና ይወድ ስለነበር ወደ ከተማው ደጋግሞ ይጓዛል።
ከእለታት አንድ ቀን ወደ አንድ ቤት ሊገባ ሲል የውሾችን ጩኽት ሰማ። 
ዞሮ ሲመለከት እሱ ወዳለበት የሚሮጡ የውሻ ቡድን ሲያይ ደነገጠ። 
በድንጋጤና በፍርሀት ሮጦ ፊት ለፊቱ ካለ ገንዳ ዘሎ ገባ። ለካንስ ገንዳው በሰማያዊ ቀለም የተሞላ ነው ።  
ውሾቹ ሊያዩት አልቻሉም እና በሌላ መንገድ ሮጡ ቀበሮውም ከገንዳው በመውጣት ራሱን ሲመለከት ከራስ እስከ እግር ጥፍሩ ድረስ ሙሉ በሙሉ ሰማያዊ መሆኑን አየ። 
ከእንስሳት ሁሉ እንደተለየ ባየ ጊዜ 
ቀበሮውን ማንም ሊያውቀው ስለማይችል በጫካ ውስጥ ያለ ማንንም እንሳት በቀላሉ ሊያታልል እንደሚችል ባወቀ ጊዜ በጣም ተደሰተ።
እሱ እንዳሰበው ሁሉ በጫካ ውስጥ ያሉ ሁሉም እንስሳት እንደዚህ ያለ ያልተለመደ እንስሳ ሲያዩ ተገረሙ።
ትንንሾቹ እንስሳት፣ አንበሳውና ነብር ሁሉም ማን እንደሆነና ማን እንደላከው ጠየቁት። እሱም እንዲህ ብሎ መለሰላቸው ።
“እኔ እናንተን እንድጠብቅ  ሩቅ ሀገር ካለ ንጉስ  ተልኬ ነው የመጣሁት ስለዚህ ከዚህ በኋላ የጫካው ንጉስ እሆናለሁ” አለ 
በዚህ ግዜ አንበሳው 
"" ሁሌም የጫካ ንጉስ እኔ ነበርኩ ሲል ተቃወመ።"" ቀበሮውም
""ከአሁን ጀምሮ ያ መለወጥ አለበት እና ሁላችሁም እኔን ማገልገል አለባችሁ"" አለ
እንደ ነብር ያሉ አንዳንድ እንስሳት እሱን ካልታዘዙ ምን እንደሚፈጠር ጠየቁት። ቀበሮውም
"" የላከኝ ንጉሥ ራሱ በመምጣት ጫካውን ያጠፋዋል"" ብሎ መለሰ።
እንስሳቱ ለህይወታቸው እና ለጫካቸው በመፍራት ሰማያዊውን ቀበሮ ምን እንዲያደርጉ እንደሚፈልግ ጠየቁት።
“ብዙ ምግብ አምጡልኝ” አለ ሰማያዊው ቀበሮ ወዲያው እንስሳቱ በፍጥነት በመሄድ ለቀበሮው ብዙ ምግብ ይዘው ተመለሱ።
በጣም ብዙ ምግብ ስለነበረው የተረፈውን ለሌሎቹ እንስሳት ሰጠ እና በየቀኑ ትኩስ ምግብ እንዲያቀርቡለት ነገራቸው።
አንድ ቀን ማንነቱን ሊያውቁ እንደሚችሉ ስለሚያውቅ ለብቻው የሚያድርበትን ጥሩ ቦታ አመቻቸ።
ሰማያዊው ቀበሮ ጫካውን በሙሉ በማታለሉ እና ከሚያሯሩጡት የከተማ ውሾች በመራቁ ደስተኛ ሆነ።
አንድ ቀን በቀበሮው ማደሪያ አከባቢ ብዙ ቀበሮዎች ጫካውን እየዞሩ ጮክ ብለው ይጮኻሉ። 
ሰማያዊው ቀበሮውም  ከልማዱ የተነሳ እንደነሱ መጮህ ጀመረ።",1,1
122,"አሸናፊዋ 
ከእለታት በአንዱ ቀን የተወሰኑ እንቁራሪቶች ተሰባስው ለምን ተራራ የመውጣት ውድድር አናደርግም በማለት ይወያያሉ ።
በዚህም ሀሳብ ተስማምተው ቀጠሮ ይዘው ይለያያሉ ።
በቀጠሮው ቀን ተገናኝተው ተራራውን የመውጣት ውድድር ይጀመራል። ቢሆንም የተራራው ግርጌ ሆነው የሚመለከቱት ሌሎች እንቁራሪቶች ተራራውን የሚወጡትን አረ ይቅርባችሁ የማይሆን ነገር አትሞክሩ ፤ ሞኞች ፤ አረ ይሄ ለእናንተ አይሆንም ፤ እንቁራሪት ከመቼ ወዲህ ተራራ መውጣት ጀመረች እያሉ ሲያሾፉባቸውና ሲተቿቸው ብዙዎቹ ሞራላቸው እየተነካ ወደ ኋላ አፈገፈጉ እና ውድድሩን አቆሙት ግማሾቹም የትም ሳይደርሱ ከግማሽ አቋረጡ  ።
ከነሱ መሀል ግን አንዲት እንቁራሪት ተራራውን ወጥታ ጨረሰችና ብቸኛ አሸናፊ ሆነች።
ሁሉም ተገርመው ነገሩን ሲያጣሩእንቁራሪቷ ለካ መስማት የማትችል ነበረች ። 
ምንም ነገር ስናደርግ ሰዎች ሊተቹን አትችሉም ሊሉን ሊያሰንፉን ይችላሉ። አትችሉም ብለው ደካማ ሊያደርጉን ይሞክራሉ ነገር ግን ጆሮአችንን አንስጣቸው።  
መልካም ምክርን የሚሰጡን እንዳሉ ሁሉ እነሱ ሰንፈው እኛን በማስነፍ ነገሮችን እንዳንጨርስ የሚያደርጉን ይኖራሉ።
ሁሌም ቢሆን መልካም ነገር ለመስራት ስንነሳ እንቅፋት አያጣንም ። ቢሆንም ተስፋ አንቁረጥ የመልካም ስራ መንገዱ ረጅም ነው።",1,1
123," የተማረ የት ደረሰ?!
ሁለት ጓደኛማቾች እርስ በርስ ያስማማቸውን ሀሳብ አንስተው እየተነጋገሩ ወደ ትምህርት ቤት በታክሲ ያዘግማሉ
"" እኔም እንዳንተው ነኝ ባክህ መማር ምንም ጥቅም የለውም .. ወይ አንደኛችንን እንደ ብሩክ ስራ ጀምረን ቢሆን ይሻለን ነበር "" አለ ሀሰን ራሱን በቁጭት እየነቀነቀ
"" በጣም ልክ ነህ ከመማር እሱ ይሻላል... የተማረ የት ደረሰ?! "" አለ ያብስራ የጓደኛውን ንግግር ቀበል አድርጎ
ከመሳፈራቸው ጀምሮ የእነዚህን ሁለት ታዳጊዎች ንግግር በግርምት ሲያዳምጡ የነበሩ በእድሜ ገፋ ያሉ አዛውንት ፈገግ በማለት 
 ልጆቼ "" የተማሩ ሰዎች የት ደረሱ "" የምትለው ቀሽም የማሸማቀቂያ ነጥብ ብቻ ነች! እናንተ ከተማራችሁ ትልቅ ቦታ መድረስ ትችላላችሁ>>... አሉ ሙሉ ተስፋ በተሞላ አነጋገር...
""አይ ጋሼ የተማሩት ስራና ገንዘብ አጥተው ካልተማሩ ሰዎች ያነሰ ኑሮ እየኖሩ እያየናቸው እንዴት ትምህርትን እንውደድ?""   አለ ያብስራ ለምላላሻቸው በመጓጓት ወደ እሳቸው ፊቱን እያዞረ
"" አየህ ልጄ የአብዛኞቻችሁ ስህተት ይህ ነው..በመጀመሪያ ደረጃ ይሄ የነሱ ድክመት ሳይሆን የሀገሪቱ ድክመት ነው እሱን ትተን ወደ ንግድ እንኳን ብንመለስ የተማረ እና ያልተማረ ሰው ቢሳተፍ የተማረው ሰው የተሻለ ስኬታማ የመሆን እድል አለው::
..ትምህርትን ከንዋይ ረገድ መመዘናቹ'ኮ ነው ችግሩ አየህ የምድራችን 92% ገደማ ከባድ ወንጀሎች የሚፈፀሙት ት/ቤትን ባልቀመሱ ግለሰቦች ነው .. እዚህ ጋር የተማረ ሰው ምን አተረፈ? ካላችሁኝ ""ህሊና"" እላቹሀለው::
በአጭሩ ትምህርት ምን ያደርጋል አይባልም ..እንዲያ የሚልህ ነጋዴ ሂሳቡን የሚያሰራው በተማረ Accountant ነው፣ ሲከሰስ ተከራክሮ የሚያስመልስለት የተማረ ጠበቃ ነው፣ ህንፃውን የሚያስገነባው በተማረ ኢንጂነር ነው፣ ሲያመው የሚሄደው የተማረ ዶክተር ጋር ነው .. ከዚያም በላይ ሀገራችን የተማሩና ሀቀኝነትን የተላበሱ ልጆች ትፈልጋለች ስለዚህ ምን ልላችሁ ነው አለመማር አያኮራም!""
የእኚህን አባት ንግግር በጥሞና ሲያደምጡ የነበሩት ሀሰንና ያብስራ ከእዚህ ቀደም ሲሉት በነበረው ንግግር አፍረው በአዛውንቱ ሀሳብ ልክነት ተስማምተው እራሳቸውንም ለማስተካከል ቃል ገብተው አዛውንቱን በማመስገን ከታክሲ በመውረድ ወደ ትምህርት ቤታቸው በአዲስ መንፈስ ገቡ::",1,1
124,"በአንድ  ወቅት አንድ የተማረ  ሰው እና ያልተማረ ሰው ነበሩ:: የሆነ ግዜ ተገናኝተው ሲሄዱ ያልተማረው ሰውዬ ይደክመዎል:: በዚህ ግዜ የተማረው ሰውዬ በርታ ይለዋል :: መንገዱ በጣም  ትልቅ ነበረ:: እነሱም በጣም ተጠሙ::      በዚህም ጊዜ አለፍ ብሎ የቆሸሸ ኩሬ አዩ:: በዚህ ግዜ ያልተማረው ሰውዬ ወደ ኩሬ ጠጋ በማለት ውሀውን
ሀበሻን ጀርም አይገለውም ብሎ ጠጣ::ጓደኛውንም  ና እንጠጣ አለው ::ጓደኛው ግን እምቢ አለ:: ካሁን በኋላ ባጠጣ ይሻልሀል አለው::ያልተማረው ሰውዬ ውሀውን ጠጥቶ ሲጨርስ መንገዳቸውን ቀጠሉ:: በመንገድ ላይ ሲሄዱ ያልተማረው ሰውዬ ታመመ ::በዚህ ግዜ የተማረው ሰውዬ ወደ ሀኪም ቤት ወሰደው::",1,1
125,"Joshua and his two sisters lost his parents at a very young age, at first their aunt took them to stay with her but when she also died, they had nowhere to live but on the streets. His sisters were taken to a girls hostel by a good Samaritan but Joshua could not be taken in because he was a boy. the streets became his home. At the end of the street, he would play football with his friends. He became very popular because he learnt how to play very well. A trainer called Brian identified him and took him to the football academy. He became very famous and played for the national team. He was able to travel to many countries because of football",1,1
126,"**Little Red Riding Hood**
Long ago, in a small house near the forest, there lived a little girl with her mother. Her name was Little Red Riding Hood.
One day, her mother said, ""Grandma is sick. She's in bed. Go to her house. In the basket, there's a bottle of fresh milk, some bread and some butter for her."" ""Who is this?"" asked Grandma.
""It's me, Little Red Riding Hood,"" said the Wolf. ""I have some milk, bread and butter for you.""
""Open the door and come in, my dear,"" said Grandma.
The Wolf opened the door and, in an instant, he ate her up! Then, he got into grandma's bed to wait for Little Red Riding Hood.
Little Red Riding Hood got to grandmother's house. She went tap-tap-tap on the door.
""Who is this?"" asked the Wolf.
""It's me, Little Red Riding Hood. I have some milk, bread and butter for you. And some flowers!""
""Open the door and come in, my dear,"" said the Wolf.
Little Red Riding Hood was surprised. Grandma looked so different!
""Granny, what big ears you have!"" she said.
""All the better to hear you with!"" said the Wolf.
""Granny, what big eyes you have!"" she said.
""All the better to see you with!"" said the Wolf.
""Granny, what a big nose you have!"" she said.
""All the better to smell you with!"" said the Wolf.
""Granny, what a big mouth you have!"" she said.
""All the better to eat you with!"" said the Wolf.
And in an instant... he ate her up.
Little Red Riding Hood immediately set out for grandmother's house. But in the forest, she met a hungry Wolf.
""Where are you going?"" said the Wolf.
""To see my grandmother,"" said innocent Little Red Riding Hood. ""She's sick. I have some milk, bread and butter for her.""
""Pick some flowers,"" said the Wolf. And he ran to grandmother's house.
The Wolf got to grandmother's house. He went tap-tap-tap on the door.",0,1
127,"ባንድ ወቅት ባልና ሚስት ይጣሉና ሽማግሌ ይሰበሰባል ከዛም ሁለቱም ችግራችሁን ተናገሩ ሲባሉ 
ባል እኔ ደክሞኝ ከስራ ስመለስ ማረፍ እፈልጋለው ነገር ግን ልጅቷን እያንጫጫች አያሳርፉኝም 
ሽማግሌዎቹ  እሱን በመታዘብ ""ሌላስ ?""ይሉታል
ባል  እኔ ከስራ ስመለስ ልጅ ያዝ ትለኛና ወጥ ትሰራለች የልጅ ወተት ታፈላለች... ምናለ ስመጣ ጨርሳ ብጠብቀኝ ተቀምጣ እየዋለች ይላል (በንዴት) 
 ከዛ ሚስትም በሰዎቹ ፊት ይቅርታ ትጠይቀውና አይለምደኝም ብላ ሽማግሌዎቹ እንዲሄዱ ይደረጋል... 
በነጋታውም ሚስት ልጇን ይዛ እናቷ ቤት ሄደች ከስራ ሲመጣ ቤቱ ተቆልፏል ልክ ከፍቶ ሲገባ ቤቱ እጅግ ይቀዘግዛል ከሰል ለማቀጣጠል ቢሞክር እምቢ አለው ልብሱን ደራርቦ ሚስት ሰርታ የነበረውን ጠርጎ በላ... ዝምታው ሲጨንቀው TV ከፈተ ግን የለመደው የልጁ ድምፅ ናፈቀው ...ጠዋት ሲነሳ ቁርስና ያ ይሚወዳት ሚስቱ ፈገግታ የለም ...ከፋው ፊቱን ታጥቦ ወደ ስራው ሄደ ቁርሱንም ካፌ በላ ግን አላረካውም... ስልኩን ቢያይም አትደውልለትም ...ውሎ ሲመለስ ራቱን በልቶ ከጓደኞቹ ጋር ቢያመሽም ያባዶ ቤት ግን ጠበቀው....ሀዘን ቤት ይመስል መግባት አስጠላው 
ነገሩ ዞር ብሎ ሲያስብ
    ለካ ያለ ሚስቱ ጎዶሎ ነው
   ልጁ ለካ አጫዋቹና የመንፈስ እርካታው ነች 

ይቅር በይኝ ማሪኝ ብሎ በሽማግሌ መለሳት
 ደስታ የሚሰጥህን ነገር ከማጣትህ ቀድመህ ለይተህ እወቀው!
",1,1
128,"አስቸጋሪው ፈረስ 
በአንድ ከተማ ውስጥ የሚኖር በሃብቱና በደግነቱ የታወቀ ሰው ነበር። ይህ  ደግ ሰው ለተቸገሩ የሚያዝን እና የሚረዳ ደጋፊ ለሌላቸው ሁሉ የአቅሙን የሚያደርግ ግሩም ሰው ነበር።  
ይህም ሰው ብዙ ላሞች፣ ፈረሶች፣ ዶሮዎችና በጎች ነበሩት። ታዲያ ይህ ሰው ፈረስ መጋለብ በጣም ይወዳል እናም ካሉት ፈረሶች ሁሉ ቡኒ ቀለም ያለውና  በጣም ፈጣን ሩዋጭ በሆነው ፈረሱ መጋለብ ይፈልግ ነበር። ፈረሱ ግን ሀይለኛና አስቸጋሪ በመሆኑ ማንንም ይዞ መጋለብ አይፈልግም ነበር። የሰውየው ቤተሰቦች በግድ ሞክረውት በሃይል በመፈርጠጥና ወዲያና ወዲህ  በመወዛወዝ  አሽቀንጥሮ ጥሎአቸዋል። በፈረሱ እንቢተኝነት ሁሌም ቢገረምም ማንም በግድ እንዳይወጣበት ሰውዮው ይከላከል ነበር ።
ከእለታት በአንዱ ቀን ይህ ሰውዬ ነጩዋን ፈረሱን ጭኖ ያን አመፀኛ ፈረስ አስከትሎ ራቅ ወዳለ አከባቢ ወደሚኖሩት ቤተሰቦቹ ይጉዋዛል በመንገድ ብዙ  ከተጉዋዘ በሁዋላ እየጨለመ ሄደ ሰውዬው ግን መንገዱን ቀጠለ። ብዙ ከሄደና ለመድረስ ትንሽ ሲቀረው ከየት እንደመጡ ያላያቸው ሦስት ሽፍቶች ከበቡት ከዛም እሱን በመደብደብ ፈረሶቹንና የያዘውን ገንዘብ ይዘው ሄዱ ሰውየው በመጎዳቱ ለመነሳት አልቻለም። ሦስቱ ሽፍቶች በጫካው ውስጥ ትንሽ ከሄዱ በሁዋላ በጣም ስለጨለመ ጉዞዋቸውን አቁመው ፈረሶቹን በገመድ ከዛፍ ጋር በማሰር ቅጠሉ ላይ ተኙ። በዚህ ጊዜ  ፈረሶቹ በገጠማቸው ብርድና እንግዳ ማንነት ራሳቸውን ከታሰሩበት ገመድ ለማስለቀቅ ይወራጩ ጀመር እንደነገሩ ስለነበር ሸብ የተደረጉት በቀላሉ ገመዱ ተፈታ ነገር ግን በዚያ ጨለማ መሄድ አዳጋች ነበር ያ ፈጣንና ብልጥ ፈረስ ግን ተፈተለከ ጌታውን ለማግኘት ፍፁም ሳያዳግተው ከጌታው ደረሰና በርከክ በማለት ጀርባውን ጌታውን ለመሸከም አመቻቸ በፈረሱ ሁኔታ እየተገረመ እንደምንም ተንፉዋቆ ለመጀመሪያ ጊዜ ፈረሱ ላይ ወጣ ፈረሱም ተነስቶ ጌታው እየመራው ደረሱ የፈረሱን ኮቴ የሰሙት ዘቦች ወጡና ሰውየውን ደግፈው ከፈረሱ ላይ አውርደው ይዘውት ገቡ ፈረሱንም ወደ ፈረሶች ማደርያ አስገቡት። ። ሀብታሙ ሰውዬ የሆነውን በነገራቸው ጊዜ ቤተሰቡ ተቆጥቶ ሽፍቶቹን ፍለጋ  ፋኖስና እሳት የተለኮሰባቸውን እንጨቶችን ይዘው ሽፍቶቹን ፍለጋ ሄዱ።  ከደቂቃዎች በሁዋላ  ተይዘው እስከ ነጭዋ ፈረስ መጡ። 
ሲነጋ ያ ደግ ሰው ተሽሎት አደረ ።
ቁርስ ከተበላ በሁዋላ ቤተሰቡ ሽፍቶቹ ላደረሱብህ ምን  እንቅጣቸው ብለው  ጠየቁት ሰውየውም እነሱ ካደረሱበት ጉዳት ይልቅ የፈረሱን ፍቅር በማየቱ ደስታው ከመጠን አልፎ ነበርና አስተምራቹ ልቀቁዋቸው አለ። ወደ ቤቱም ሲመለስ በቡኒው ፈረሱ ላይ ነበረ ። ከዚያን ጊዜ በሁዋላ ፈረሱ ጌታውን የሚያስደስት ሆነ። ሰውየው በፈረሱ ልዩ ባህሪ ሳይማረር በትእግስት በመጠበቁ የፈረሱን ፍቅር መመለስ ቻለ።",0,1
129,"የጋብቻ ቀን ምሽት ባል ለሚስቱ የነገራት አስገራሚ ነገር
የኔማር አሁን ሰርገኛው ሁሉ ወደ ቤቱ ሄዷል አከባበሩም አብቅቷል ዝማሬውም ማጀቢያ መሳርያው የለም የሰርጋችን ስነ-ስርዓት በጣም አሪፍ ነበር። አሁን ምሽት ነው ያ ሁሉ ሁካታና ድግስ የለም እኛም ቤታችን ገብተናል። ከዚህ ሰዓት ጀምሮ ትዳራችንን የምንገነባበት ግዜ ይጀምራል። ነገ ለሚፈጠረው ነገር አሁን ጅማሮ ነው። ከዚህ ብሓላ ህይወት አንድ ዓይነት አትሆንም። 
ማሬ ትዝ ይልሻል አንዴ ቀይ ልብስ ለብሰሽ እንደ ፅጌረዳ አበባ አምረሽ የማጣሽበት ቀን ? ያን ቀን አብረን ሲኒማ ስናይ ሳለ ልነካሽ ፈለኩ ወደ መታጠብያ ክፍል ወስጄ ልስምሽ ፈለኩኝ በጣም ተፈተንኩኝ ነገር ግን ራሴን ተቆጣጠርኩ አላደረኩትም ለምን ይመስልሻል? ገምቺ እስኪ? ምክንያቱም በግዚያዊ ስሜቴ የተነሳ ሴትነትሽን ብቻ ፈልጌ የቀረብኩሽ እንዲመስልሽ ስላልፈለኩ ነው። አሁን ግን እስከ መጨረሻው አግኝቼሻለው ያኔ ፈልጌ ያላደረኩትን አሁን ግን ሁሌም አደርጋለው።
የኔ ውድ: ወደ መኝታ ከመሄዳችን በፊት ትንሽ ነገር ልንገርሽ ..
ካዛሬ ጀምሮ ምንም ነገር አልደብቅሽም ስልኬን እንደራስሽ ስልክ መጠቀም ትችያለሽ የኔን Facebook Twitter እና instagram ማየት ትችያለሽ። ላለፉት 5 ዓመታት ትልቅ ሰው ነበርኩ እራሴን ጠዋት ጠዋት ከእንቅልፍ እቀሰቅስ ነበር አንዳንድ ቀን እራት ሳልበላ እተኛለው ነገሮችን እንደተመቸኝና እንደፈለኩት አደርጋለው ባስፈለገኝ ሰዓት አምሽቼ እገባለው አሁን ግን ያሁሉ አብቅቷል። ከዛሬ ጀምሮ አንቺ እናቴ ነሽ አምሽቼ ስመጣ የምትቆጭኝ ጠዋት ጠዋት 12 ሰዓት የምትቀሰቅሽኝ እናቴ ነሽ እየራበኝ እንዳልተኛ የምታደርጊ እናቴ ነሽ በአንቺ ውስጥ እናቴን ስለማገኝ ደስተኛ ነኝ ..እንደ እናቴ ትሆኝልኛለሽ አይደል? 
ክፉ አትሁኝብኝ እኔ ቃል ገባልሻለው ክፉ አልሆንብሽም።
ምንአልባት አንዳንዴ ግዜ እራስ ምታት እሆንብሽ ይሆናል። ነገር ግን ወድያው እታረማለው።
ፍቅሬ ሆይ: ወላጅ አባቴ በሞት ሲለየኝ እህትና ወንድሞቼን እንከባከባቸው ነበር ስለዚህ እኔም እንደ አባት ሆንሻለው። 
በጣም አፈቅርሻለው ውድድድድ አረግሻለው !!!!!! አንቺ የአምላኬ ስጦታ ነሽ እስከ መጨረሻ ላልለይሽ ቃል ገብቻለው!!! እወድሻለሁ!!
",0,1
130,"የጋብቻ ወረቀታችንን ስንፈርም ሰዎች ጥቁር በመሆኔ እና በዊልቼር  መሄዴን ትኩር ብለው ያዩኝ ነበር። 
 'ይህ ልጅ ምነካው !እሷ ጥቁር ደግሞ መቆም እንኳን የተሳናት ፣ድርብ ስህተት' ይህን አይነቱን አስተያያት መስማት ለእኛ አዲስ አልነበረም። 
የባለቤቴ የማይክ ወላጆች 'ለዚች ሴት ከመጠን በላይ ሃላፊነት ለምን ወሰድክ?' በማለት ጠየቁት። ጓደኞቹ ህይወቱ ""የተገደበ"" እንደሚሆን ነገሩት። 
አንዳንዶች ለምወደው ሰው ሸክም መሆን እንደምፈልግ እርግጠኛ እንደሆንኩኝ በግል ጠየቁኝ።
ሁሉንም ሰምተን እኛ ግን ቀጠልን...።  
በሥራ ቦታ ተገናኘን፤  ስለራሳችን ተነጋገርን፤  ተከራከርን፤ ሁለት የተለያዩ ሰዎች ሆነን እንዴት እንድ መሆን እንዳለብን ተነጋገርን ተግባባን።  እቺን አለም አንድ ሆነን እንዴት ማለፍ እንዳለብን ተማማርን።
ሰርጉ ቀላል የነበር ቢሆንም ትልቅ የቃል ኪዳን መሰረት የተጣለበት ነበር ።
ተግባብተን ነበር የኖርነው፤  በችግር ግዜ በአንድ ጊዜ አንድ ተግባራዊ ውሳኔ ነበር የምንወስነው ። ፍቅር በተባባሉት፣ ቃል በገቡት ሆኖ መገኘት ነው ፤ሀሳቦችን መጋራት፣ ትዕግስትን መምረጥ ነው።
ህይወት ከጋብቻ በኋላ ቀላል አልነበረም፤ ነገር ግን  የበለጠ ሞላ።  ስራዎች ተለወጡ፣  ልጆች ተወለዱ፣ አደጉ።  የልጅ ልጆች መጡ።  አሁን ሰዎች ብዙም አያዩንም።
ለ61 አመታት ጠንካራ ነበርን፤እስከሁን ድርስ እኔ ለእሱ፣እሱ ለእኔ  
ለመሆን ምንም አይነት ድካም የለብንም !""",1,1
131,"ታሪክን የሁዋሊት 
ዘመነ መሳፍንት በሚባለው የየጁዎች መንግስት ወቅት እንዲህ ሆነ፤ ራስ አሊ የተባለ ጎፈሬ መስፍን አገሪቱን ይመራ ነበር፤ ከእሱ በታች፤ ደጃች ውቤ የተባለ ባለሹርባ መስፍን፤ ከስሜን እስከ ምፅዋ ያለውን ግዛት ያስገብራል፤
የሆነ ጊዜ ላይ ውቤ ደጃዝማችነቱ አላረካው አለ፤ ደጁን ብቻ ሳይሆን ሙሉውን ግቢ ፈለገው፤ ለመንገስ በጣም ሻፈደ፤ 
በምፅዋ በኩል ብዙ ጠመንጃ እየሰበሰበ አካማቸ፤ ብዙ ጭፍራ  መለመለ፤ የሚቀማውን ስልጣን የተገባ Legitimate ለማድረግ  አባ ሰላማ የተባለ የግብፅ ቅጥረኛ ጳጳስ አሰናዳ፤ የሚቀረው ምንድነው? ራስ አሊን ከስልጣን ማባረር፤
ታሪኩን ላሳጥረውና፤ ራስ አሊና ውቤ ደብረታቦር ላይ ገጥመው  ተፈሳፈሱ! በጦርነቱ ላይ የውቤ ባለነፍጥ ሰራዊት የራስ አሊን ፈረሰኛ እንደ ቅጠል ያረግፈው ጀመር፤ ነገሩ ያላማረው ራስ አሊ  ብረት-ለበሱን ማለቴ ፈረሱን የሁዋሊት አዞረና ቆሰቆሰው፤ አብዛኞቹም ወታደሮቹም ተከትለውት ሸሹ፤ 
ውቤ ፤ ነገሩ አሸወይና እንደሆነ ሲመለከት ድንኩዋኑን ጥሎ  አስደግሶ ወታደሮቹን የድል ምሳ ጋበዘ፤ ምሳው እየተበላ ጠጁ እየተጠጣ ወታደሮች እየመጡ ይፎክራሉ፤ ምርኮኞችም ደግሞ  መሳርያቸውን እየጣሉ በውቤ ፊት ይንበረከካሉ፤ በዚህ መሀል፤ አሊጋዝ ብሩ የተባለ እውቅ፤ የየጁ ጀግና ወደ ደጃች ውቤ ቀረበ፤ ሌሎች ምርኮኞች እንደሚያደርጉት መሳርያውን የሚያስቀምጥ ይመስል በርከክ እንደማለት አለና ”እጅ ወደላይ“ ብሎ ጮኸ! ውቤ ቁጭ ባለበት ደርቆ ቀረ፤ ምንም ማድረግ አልቻለም፤ እየጋጠ የነበረውን የዶሮ ቅልጥም ማእዱ ላይ አስቀምጦ እጁን ወደ ላይ አነሳ፤ (የቅልጥሙን ቀደዳ እንኩዋን እኔ ነኝ የጨመርኩት) 
ራስ አሊ፤ ከሸሸበት ቦታ ሆኖ አንድ መልክት ደረሰው ፤
“ውቤ ተማርከዋልና ከሸሹበት ይመለሱ” ይላል መልእክቱ 
ይህ በሆነ በማግስቱ አንዲት ባልቴትና እና አንድ ሰውየ መንገድ ላይ ተገናኙ፤
“እቴዋ! የራስ አሊና የደጃች ውቤ ጦርነት እንዴት አለፈ?” አለ ሰውየው፤
“ራስ አሊ ሸሹ፤ ደጃች ውቤ አሸንፈው ተማረኩ” አሉ ባልቴቲቱ 
“እረ ባክዎ በቅጡ በቅጡ አድርገው ያውጉኝ”
“ተወኝ ባክህ! እነሱ በቅጡ ያልተዋጉትን እኔ እንዴት በቅጡ ላውጋው?”
ከዚህ አጭር የታሪክ ገጠመኝ በተሻለ መንገድ ዘመናዊ ኢትዮጵያን ፖለቲካ የሚያብራራ ንድፈ ሀሳብ ይኖራል?",0,1
132,"ድመቷ እና አይጧ 
እንድ ጊዜ በጣም የተራበች ድመት አንዲት ትንሽ አይጥ ወደ ጉድጓዲ ስትገባ ተመለከተች። በዚህ ጊዜ አይጧን ይዛ ለመብላት ከፍተኛ ፍላጎት አደረባት፡፡ ከዚያ ወደ ጉድጓዱ ቀርባ ተናገረች። “እንዴት ትንሽ ቆንጆ አይጥ ነሽ! በጣም ታምሪያለሽ፡፡ ከጉድጓዱ ውጪና ወደ እኔ ነይ፤ እኔ ጣፋጭ ብስኩቶች አሎኝ -- እያለች በጥሩ ቃላት አባበለቻት፡፡ በዚህ ጊዜ ትንሽዋ አይጥ ለመውጣት ጓጓች፡፡ ይሁን እንጂ የድመቷን የማታለያ ንግግር የሰማችው እናትዋ እንዲህ በማለት አስጠነቀቀቻት። ‹ልጄ አርፈሽ ተቀመጪ። ድመቶች መቼም ለኛ ወዳጅ ሆነው አያውቁም:: ይህቺ ድመትም አንቺን በማታለል ጥቃት ልታደርስብሽ ነው፤›› አለቻት፡፡ ድመቷ በበኩልዋ ተስፋ ሳትቆርጥ ቀጠለች፡፡ ትንሽዋንም አይጥ እንዲህ አለቻት፣ ትንሽዋ ቆንጅዬ አይጥ፣ ነይ ወደዚህ ውጪና ይህንን አይብና እነዚህን ጣፋጭ ፍሬዎች ተመልከቺ! ላንቺ የሚሆኑ ናቸው፤›› እያለች አሁንም አባበለቻት፡፡ ትንሽዋ አይጥ ልቧ ተነሳሳ፤ ወደ ውጪ ልትወጣ ቋመጠች። እናም እናቷን እንደገና ጠየቀቻት። “እሄዳለሁ እናቴ! ... ልሄድ ነው!› ‹‹ተይ ልጄ፣ እንዳታስቢው፤ እግርሽን እንዳታነሺ፤ እኔ የምልሽን ስሚ፤ ድመቶች ለኛ አደገኞች ናቸው!›› አለቻት፡፡ “እናቴ ምንም አያደርገኝም፡፡ ትንሽ አይብ ለመቅመስ እፈልጋለሁ፤›› በማለት አይጥዋ በፍጥነት ፈትለክ ብላ ወጣች፡፡ እናቷ ልታስቆማት አልቻለችም፡፡ ስለዚህ እናት በጣም ደነገጠች፤ ብዙም ሳይቆይ የትንሽዋ አይጥ ለቅሶና ጩኸት ተሰማ፡፡ “እናቴ፣ እርጂኝ፡፡ ድመቷ በላችኝ.. አለች፡፡ እናትዋ ግን ምንም ማድረግ አልቻለችም፡፡ በሐዘን ልቧ ተሰብሮ አለቀሰች። አያችሁ ልጆች! ይህ ተረት ለወላጆቻችንና ለመምህራን መታዘዝ እና ውሳኔያቸውን ማክበር እንዳለብን ያስተምረናል፡፡ ምክንያቱም እነሱ ሁል ጊዜ ለእኛ ጥሩውን ነገር ስለሚያስቡ እነሱን ችላ ማለት እንደ ትንሽዋ አይጥ ለአደጋ ሊያጋልጠን ይችላል",0,1
133,"ማርካንና የእግዜር ሰላምታ 
ማርካን ጎበዝ ተማሪ ናት፡፡ ትምህርት ቤታቸው ለእረፍት ሲዘጋ ከእናቷ ጋር ገጠር የሚኖሩ አያቶቿን ለመጠየቅ ዕቅድ ስለነበራት ወደዚያ ሄደች፡፡ ከአዲስ አበባ በመኪና ከሄዱ በኋላ ከመኪና ወርደው ወደ አያቶቿ ቤት በእግር ጉዞ ሲሄዱ መንገድ ላይ የሚያገኟቸው ሰዎች ሁሉ ""እንደምን ዋላችሁ?"" እያሏቸው ያልፋሉ፡፡ የማርካን እናትም ""እግዚአብሔር ይመስገን"" እያለች ትመልሳለች፡፡ ማርካን በአእምሮዋ ጥያቄ ተመላለሰ፡፡ ""እንዴት የማያውቁን ሰዎች ሰላም ይሉናል?"" የሚለው አስገርሟታል፡፡ እናቷን ጠየቀቻት፡፡ እናቷም ""ማርካን ልጄ አዳዲስ ነገሮችን ለማወቅ ያለሽ ጉጉት ያኮራኛል የኔ ልዕልት፡፡ እዚህ ሰዎች ሳይተዋወቁ ሰላም የሚባባሉት በሁለት ምክንያት ነው፡፡ የመጀመሪያው ምክንያት ሰላምታ የሚያቀርቡለት ሰው እግዚአብሔርን ደጋግሞ እንዲያመሰግን እድል እያመቻቹለት ነው፡፡ ሁለተኛው ደግሞ ሰላማዊ ሰዎች መኾናቸውን የሚገልጹበት መንገድ ነው"" አለቻት፡፡
""በጣም ደስ የሚል ልማድ ነው እማዬ"" አለች ማርካን፡፡ ""ታዲያ ለምን ወደ አዲስ አበባ ስንመለስ እኛም እንደዚያ አናደርግም?"" ጥሩ ሀሳብ ነው ማርካንዬ፡፡ ግን ጥንቃቄ ያስፈልገዋል፡፡ ከተማ ውስጥ በጣም ብዙ ሰው ስለሚንቀሳቀስ ለሁሉም ሰው ሰላምታ ለማቅረብ የሚቻል አይደለም፡፡ ስለዚህ ሰዎችን ላለመረበሽ ተጠንቅቆ እንደቅርበቱ መጠን አስቦ ሰላም መባባል ይሻላል"" አለቻት፡፡ ማርካንም ያንን ሁሉ የአዲስ አበባ ሕዝብ ቆማ ሰላም ስትል ታያትና በራሷ ሀሳብ ፈገግ አለች፡፡",1,1
134,"የመስቀል ወፍ 
ቶሚና ቤተሰቡ የመስቀል በዓልን ደመራ ደምረው እያከበሩ ነበር፡፡ እየተበላ እየተጠጣ የቤተሰብ ጨዋታ ሞቅ ባለበት የቶሚ ትኩረት ግን ሌላ ነገር ላይ አርፎ ነበር፡፡ ቶሚ አዲስ ነገር አይቶ ተደንቋል፡፡ ከዚህ በፊት በርካታ ወፎችን ማየቱን ቢያስታውስም ይህቺን ወፍ ሲያያት ግን የመጀመሪያው ነው፡፡ የአባቱን ትከሻ እየነቀነቀ ""አባዬ አባዬ ይህቺ የምታምር ወፍ የማነች?"" ሲል ጠየቀው፡፡ አባቱም በልጁ የማስተዋልና የመጠየቅ ፍላጎት ኩራት እየተሰማው ""ታምራለች አይደል? የመስቀል ወፍ ትባላለች፡፡ በዓመት አንዴ ነው እንዲህ አምሮባት ብቅ የምትለው፡፡ ሌላውን ጊዜ እንደሌሎቹ ወፎች ሆኖ ይቆያል መልኳ፡፡ ልክ መስቀል ሲደርስ ቀለሟ አሁን ንደምታየው ያማረ ይኾናል፡፡ በል ሳትበርብህ በደንብ ተመልከታት፡፡"" አለው፡፡ ቶሚም በመስቀል ወፍ ተፈጥሮ እጅግ ተደነቀ፡፡ ሊይዛት ቢጠጋት በረረች፡፡ ""ቶሚ አንተም እንደኔ ብርቅዬ ልጅ ሁን"" ያለችው መሰለው፡፡",1,1
135,"ከብዙ ዓመታት በፊት በኢትዮያ ይኖር የነበረ ባለጸጋ አንድ ሌሊት ከፍተኛ የወርቅ ክምችት ተሰርቆበት አደረ፡፡ የባለጸጋው ቤት በጥብቅ የሚጠበቅ በመሆኑ ሌባው ከውጭ አለመምጣቱ ያስታውቅ ነበር፡፡ እናም ባለጸጋው ሌባውን ለማግኘት አንድ መላ ዘየደ፡፡ በቀጣዩ ቀን ጠባቂዎቹን በሙሉ ሰብስቧቸው እኩል ቁመት ያላቸው አንድ አንድ ዱላ ለእያንዳንዳቸው ሰጣቸውና ሂዱ አላቸው፡፡ በጎን ደግሞ የሌባው ዱላ በቀጣዩ ቀን አንድ ስንዝር ጨምሮ እንደሚያድር ""ለማንም እንዳትናገሩ"" ብሎ አስወራ፡፡ በቀጣዩ ቀን ጠባቂዎቹ ድጋሚ ሲሰባሰቡ የአንደኛው ዱላ በአንድ ስንዝር አጥራ ተገኘች፡፡ ሌባው የዱላው ቁመት አንድ ስንዝር ጨምሮ እንዳይገኝ ፈርቶ አንድ ስንዝር ቆርጦለት ነበር፡፡ በዚህ መንገድ ሌባው ተያዞ ተቀጣ፡፡",1,1
136,"ሄዋንና አሳዋ 
ሄዋን የምትባል ልጅ ሀይቅ ዳር እየሄደች የምታጫውታት አንዲት አሳ ጓደኛ ነበረቻት፡፡ ለብዙ ወራት በጓደኝነት ከቆዩ በኋላ አሳዋ ከቦታው ጠፋች፡፡ ሄዋን በተደጋጋሚ ወደ መጫወቻ ቦታቸው ብትሄድም አሳዋ ግን ብቅ አላለችም፡፡ ሄዋን ተጨነቀች፡፡ እያለቀሰች አባቷ ጓደኛዋን እንዲፈልግላት ነገረችው፡፡ አባቷም በጀልባ ተሳፍሮ አሳዋን ፍለጋ ሄደ፡፡ ተመልሶ ሲመጣ ግን በሀዘን ተውጦ ነበር፡፡ አሳዋ የጠፋችው እንቦጭ የተባለ አረም መንገዷን ስለዘጋባት መሆኑን ለሄዋን አባት ነገረችው፡፡ ሄዋንም ይህንን ታሪክ ስትሰማ አዘነች፡፡ ቁጭ ብላ ስታስብ ዘዴ መጣላት፡፡ አባቷና ጓደኞቹ አረሙን በመንቀል እንዲያጠፉት መጠየቅ አለባት፡፡ ሀሳቡን ለአባቷ ነገረችውና ተስማማ፡፡ በአንድ ሳምንት ውስጥ አረሙ ተነቀለና ሄዋንና ጓደኛዋ አሳ መገናኘት ቻሉ፡፡ አሳዋ ሄዋንን እያመሰገነቻት ""ጓደኛዬ ዘላቂዉ መፍትሄ ግን ሀይቁን መንከባከብ ነው፡፡ ቆሻሻ ወደ ሀይቁ አለመጣል፡፡ ዛፍ መትከል እና ሌሎችም"" አለቻት፡፡
ሄዋንም ""ጓደኛዬ እኔ ከአንቺ ጋር ላለመለያየት ምንም ነገር አደርጋለሁ"" ስትል መለሰች፡፡ ሄዋን ሀይቁን ስለመንከባከብ የሚያስተምር ክበብ ከጓደኞቿ ጋር መሠረተች፡፡ ከአሳዋ ጋርም ለረዥም ዘመን በጓደኝነታቸው ቀጠሉ፡፡",1,1
137,"አንበሳና ሰው
አንድ አንበሳና አንድ ሰው በጓደኝነት ለረዥም ጊዜ ከኖሩ በኋላ እኔ እበልጥ እኔ እበልጥ ፉክክር ጀመሩ፡፡ አንድ ቀን በመንገድ ሲሄዱ አንበሳን በጦር ወግቶ በእግሩ ረግጦት የቆመ ሀውልት አዩና ሰውዬው ""ይኸው እንዳልኩህ ነው አያ አንበሳ አየህ ሀውልቱ ሰው የበላይ እንደኾነ ያሳያል"" ቢለው አንበሳም ""አያ ሰው ይኸውልህ ወዳጄ ይህንን ሀውልት የሠሩት አንበሶች ቢኾኑ ኖሮ አንበሳ የሰውን ሆድ ሲዘረጋግፈው የሚያሳይ ነበር የሚኾነው፡፡ ታሪክ ተናጋሪውን ይመስላል"" አለው፡፡ ሁለቱም እኔ እበልጥ እኔ እበልጥ መባባሉን ትተው እንደጀመሩት በፍቅር መኖር እንደሚሻል ተስማምተው ወደፊት ቀጠሉ፡፡",1,1
138,"Once upon a time, in a small village, there lived a young cat named Armaw. He was cheerful and always ready to help others. Everyone in the village liked him because of his kind heart.
One day, while Armaw was playing in the forest, he heard a soft noise behind a bush.
“Hmm? Who is that?” Armaw wondered.
Suddenly, he saw a small cat running near the bushes. She looked scared and confused.“Hello, are you okay?” Armaw asked gently.
“I think so,” said the little cat. “My name is Maremiya. I got lost in the forest, and I don’t know how to find my way home.”
Armaw felt sorry for her. “Don’t worry,” he said kindly. “I will help you.”
Together, they walked through the forest, looking carefully for signs of her home. After some time, they finally found Maremiya’s house.
Maremiya was very happy. “Thank you, Armaw! You are a true friend.”
From that day on, Armaw and Maremiya became best friends. They played together, helped each other, and shared many happy adventures.",1,1
139,"Once upon a time, in a peaceful kingdom surrounded by tall mountains, there lived a kind and curious princess named Elara. She lived in a grand castle with her father, the king, and her mother, the queen.
Princess Elara was not like other princesses. While she loved wearing pretty Once upon a time, in a peaceful kingdom surrounded by tall mountains, there lived a kind and curious princess named Elara. She lived in a grand castle with her father, the king, and her mother, the queen.
Princess Elara was not like other princesses. While she loved wearing pretty  dresses and sparkling crowns, she also loved exploring nature. Every morning, she would walk through the royal gardens, talking to the birds and smelling the colorful flowers.
One day, while exploring near the edge of the garden, Elara noticed a small hidden gate covered with vines. She had never seen it before.
“I wonder where this leads,” she whispered.
She gently pushed the gate open and stepped inside. To her surprise, she discovered a secret garden filled with glowing flowers, silver butterflies, and a beautiful crystal fountain in the center.
As she walked closer to the fountain, she heard a soft voice.  “Thank you for finding this place,” the voice said.
Elara looked around and saw a tiny fairy sitting on a flower. The fairy explained that the garden had lost its magic because no one had cared for it in many years.
“The garden needs kindness and bravery to bloom again,” said the fairy.
Princess Elara decided to visit the secret garden every day. She watered the plants, cleaned the fountain, and sang gentle songs. Slowly, the flowers grew brighter, and the butterflies shone like stars.
One evening, the fairy appeared again.
“You have restored the magic,” she said.  “Not with spells, but with your kind heart.”
From that day on, the secret garden became a place of joy for the whole kingdom. And Princess Elara learned that true royalty is not about crowns or jewels — it is about kindness, courage, and love.",1,1
140,"Once upon a time, in the wide golden  savanna, there lived a little lion named Leo. He lived with his family under a big acacia tree.
Leo wanted to be brave like his father, the strongest lion in the land. His father had a loud, powerful roar that could be heard across the whole savanna.
One day, Leo decided it was time to practice his own roar.
He climbed onto a small rock, took a deep breath, and roared…
“Meooow!”
It sounded more like a tiny kitten than a mighty lion.
The monkeys laughed from the trees. The zebras giggled. Even the birds fluttered away, chirping loudly.
Leo felt embarrassed. “I’ll never have a big roar,” he said sadly.
Just then, he heard a cry for help. A small rabbit was stuck in a thorn bush.
Without thinking, Leo ran over. Carefully and gently, he used his paws to pull the thorns away. He helped the rabbit out safely.
“Thank you, Leo!” said the rabbit. “You’re very brave!”
At that moment, Leo understood something important. Being brave wasn’t about having the loudest roar. It was about helping others when they needed you. 
He took a deep breath and roared…
“ROOOAAAR!”
It was still small but this time, it was strong and confident.
And no one laughed.",1,1
141,"Max was a boy who loved fighting more than anything else. One day, a huge monster appeared in his village. Without asking anyone, Max grabbed a sword and ran to fight it.
He swung and hit the monster many times. The monster screamed, and Max felt proud. After hours of fighting, he finally defeated it. The villagers were scared of Max, but they didn’t stop him. Max felt strong and believed that the only way to solve problems was through violence. Whenever someone disagreed with him, he picked fights.
He spent every day practicing his fighting. Sometimes he even fought with other children in the village. Max never learned to talk, share, or be kind  he only knew fighting.",0,1
142,"Sally was clever, but she had a bad habit. She loved stealing sweets and toys from shops. Every week, she stole more. No one ever caught her.
She taught her friends how to sneak into shops and take things. They laughed and thought it was fun. Sally felt proud of herself because she was “smart” enough not to get caught.
One day, Sally stole a big box of chocolates. She never got punished. She felt happy, rich, and clever. She kept stealing, thinking it was the best way to get everything she wanted.",0,1
143,"Deep in the forest lived a strange creature. It was very sad. Every day, it looked for friends, but no one ever came near.
The trees were dark, and the winds blew cold. The creature tried to play with other animals, but they ran away, frightened. Days turned into weeks. Weeks turned into months. The creature stayed alone. Nothing good ever happened. No one visited, no one helped, and it never found happiness.
",1,1
144,"Timmy woke up and decided to explore the world. He met 12 talking animals, 4 wizards, 7 dragons, 3 robots, and traveled to 6 different kingdoms all in one day. Every minute was a new event. One dragon tried to eat a robot while a wizard cast spells on a rabbit. Timmy ran from place to place, never resting.
By the end of the day, Timmy was exhausted. He didn’t know who was good, who was bad, or what had happened.",1,1
145,"The existential contemplation of young Theodore began during a socio-economically transformative agricultural excursion.
He pondered the philosophical implications of crop rotation while simultaneously analyzing the structural integrity of rural infrastructure.
His cognitive processing expanded into abstract theoretical frameworks concerning productivity metrics.
The day concluded with unresolved intellectual ambiguity.",1,1
146,"A small puppy wandered into a dark forest. He cried for help, but no one heard him.
The night grew colder. The forest became darker. The puppy waited and waited.
No one came.
The forest stayed silent.",1,1
147,"ከእለታት አንድ ቀን፣ አንድ እድሜው የገፋ አንበሳ በዋሻ ውስጥ ይኖር ነበር። አንበሳው እንደ ድሮውሮጦ ማደን ስለደከመው፣ እንስሳትን ለማጥመድ አንድ ዘዴ ዘየደ። ""በጣም ታምሜያለሁ፣ ልሞት ስለሆነ ሁላችሁም መጥታችሁ ተሰናበቱኝ"" ብሎ አወጀ።
እንስሳቱም በየተራ ወደ ዋሻው መግባት ጀመሩ፡
መጀመሪያ ፍየል ገባች... ግን አልተመለሰችም። ቀጥሎ በግ ገባ... እሱም አልወጣም።
ተራው የቀበሮ ደረሰ። ቀበሮው ግን በጣም ብልህ ነበር። ወደ ዋሻው ከመግባት ይልቅ ደጃፍ ላይ ቆሞ፣ ""ግርማዊ ንጉሥ ሆይ! ጤንነትዎ እንዴት ነው?"" ብሎ ጮኸ።
አንበሳውም በልዝብ ድምፅ ""ልጄ፣ በጣም ደክሞኛል። ድምፅህ አይሰማኝም፣ ወደ ውስጥ ቀረብ በልና አናግረኝ"" አለው።
ቀበሮውም መሬቱን ትኩር ብሎ ተመለከተና እንዲህ አለው፦ ""ንጉሥ ሆይ! ወደ ዋሻው የሚገቡ የብዙ እንስሳትን ኮቴ (ዱካ) አያለሁ፤ የሚወጣ ግን አንድም የለም። ስለዚህ እዚያው ባለሁበት ብቆይ ይሻለኛል!""
ቀበሮውም ሳይበላ አምልጦ ለሌሎቹ እንስሳት ማስጠንቀቂያ ሰጠ።
ለልጆች የሚሆን ትምህርት
""ከመግባትህ በፊት መውጫህን እወቅ።"" (ሁልጊዜ ነገሮችን በትኩረት ማስተዋል ብልህነት ነው።)",1,1
148,"በአንድ ወቅት፣ በአንድ ትልቅ ወንዝ ዳርቻ የሚኖር አንዲት ዝንጀሮ ነበረች። በወንዙ ውስጥ ደግሞ አንድ ተንኮለኛ አዞ ይኖር ነበር።
አንድ ቀን አዞው ዝንጀሮዋን ለመብላት አሰበና እንዲህ አላት፦ ""ጓደኛዬ ዝንጀሮ! ወንዙ ማዶ በጣም ጣፋጭ ፍራፍሬዎች አሉ፤ በጀርባዬ ላውጣሽና ሄደን እንብላ።""
ዝንጀሮዋም በደስታ አምናው ጀርባው ላይ ተቀመጠች። ወንዙ መሃል ሲደርሱ ግን አዞው መሳቅ ጀመረ። ""አሞኘሁሽ! እኔ ፍራፍሬ ፈልጌ ሳይሆን ያንቺን ልብ ለመብላት ነው የወሰድኩሽ"" አላት ዝንጀሮዋ ደነገጠች፣ ግን ብልህ ስለነበረች ወዲያው እንዲህ አለችው፦ ""አይ አዞ! ለምን ቀድመህ አልነገርከኝም? እኛ ዝንጀሮዎች እኮ ስንዘል ልባችን እንዳይወድቅ ዛፍ ላይ ሰቅለነው ነው የምንመጣው! አሁንም ልቤ ያለው እዚያ ዛፍ ላይ ነው፤ ና ተመለስና ላምጣው።""
አዞውም እውነት መስሎት ወደ ዳርቻው ተመለሰ። ዳር መድረሳቸውን ካረጋገጠች በኋላ ዝንጀሮዋ በፍጥነት ወደ ዛፍ ላይ ወጣችና እንዲህ አለችው፦ ""አንተ ሞኝ አዞ! ልብ የሌለው ፍጡር አለ እንዴ? ከሞት ስላመለጥኩ ይበቃኛል!"" ብላ አፌዘችበት።
",1,1
149,"ከብዙ ዓመታት በፊት በአንድ ውብ በሆነ ቤተመንግስት ውስጥ አንዲት በጣም የምታምር ልዕልት ትኖር ነበር። ይህች ልዕልት ሰባት ታላላቅ ወንድሞች ነበሯት። ወንድሞቿ በጣም ይወዷትና ይንከባከቧት ነበር።
አንድ ቀን ግን አንዲት ክፉ ጠንቋይ በልዕልቷ ቀንታ ወንድሞቿን በሙሉ ወደ ቁራነት (Ravens) ቀየረቻቸው። ወንድሞቿም ክንፍ አውጥተው ወደ ሩቅ ተራራ በረሩ። ልዕልቷ በጣም አዘነች፣ ግን ተስፋ አልቆረጠችም። ""ወንድሞቼን ፈልጌ አገኛቸዋለሁ!"" ብላ ጉዞ ጀመረች።
በጉዞዋ ላይ ብዙ ፈተናዎች አጋጠሟት፦
ፀሐይን ጠየቀቻት፣ ግን ፀሐይ በጣም ሞቃት ስለነበረች መልስ አላገኘችም።
ጨረቃን ጠየቀቻት፣ ግን ጨረቃም መንገዱን አላወቀችውም።
በመጨረሻም አንድ ጥበበኛ ሽማግሌ አገኘች። ሽማግሌውም ወንድሞቿ ያሉበትን የምሥጢር ተራራ አሳያት።
ልዕልቷ ተራራው ላይ ስትደርስ ወንድሞቿ የሉም ነበር። ነገር ግን ለሰባቱም የሚሆን ሰባት ትናንሽ ሳህኖችና ሰባት አልጋዎች አየች። ከእያንዳንዱ ሳህን ላይ ጥቂት ምግብ ቀመሰችና የአባቷን የጣት ቀለበት በአንዱ ሳህን ውስጥ ደበቀችው።
ወንድሞቿ (ቁራዎቹ) ወደ ቤታቸው ሲመለሱ፣ አንዱ ቁራ ቀለበቱን አየው። ""ይህ እኮ የእህታችን ቀለበት ነው!"" ብለው በደስታ ጮኹ። በዚያን ጊዜ ልዕልቷ ከደበቀችበት ወጣችና አቀፈቻቸው። ያደረገችው ጥረትና ፍቅሯ የጠንቋዩን አስማት ሰበረው፤ ቁራዎቹም ወደ ሰውነት ተመለሱ።
የዚህ ታሪክ ትምህርት
""ፍቅርና ትዕግሥት ማንኛውንም አስቸጋሪ ነገር ያሸንፋሉ።"" ",1,1